Transakcija_ID,Datum,Kod_Proizvoda,Cena_Tekst,Količina,Ocena_Kupca,Godine_Kupca,Grad
TXN-10000,2025-12-18 11:00:00,CAT_BEAUTY-447,33.27$,2.0,4.6,47.0,Niš
TXN-10001,2025-03-05 23:00:00,CAT_HOME-466,,2.0,3.7,67.0,Kragujevac
TXN-10002,2025-02-10 04:00:00,CAT_BEAUTY-194,346.97$,1.0,3.2,63.0,Zrenjanin
TXN-10003,2025-09-03 00:00:00,CAT_HOME-828,467.71,1.0,2.4,56.0,Niš
TXN-10004,NEVAŽEĆI_DATUM,CAT_ELEC-423, $225.33 ,2.0,2.4,67.0,Beograd
TXN-10005,2025-05-17 19:00:00,CAT_ELEC-408,29.36,3.0,2.8,35.0,Zrenjanin
TXN-10006,2025-03-01 02:00:00,CAT_BEAUTY-735,$140.13,2.0,3.8,53.0,Subotica
TXN-10007,2025-09-07 19:00:00,CAT_HOME-851,98.59,1.0,1.4,54.0,Niš
TXN-10008,2025-03-18 11:00:00,CAT_HOME-386,57.26$,10.0,2.4,65.0,Novi Sad
TXN-10009,2025-04-16 23:00:00,CAT_BEAUTY-313,$459.93,5.0,3.5,28.0,Subotica
TXN-10010,2025-09-22 04:00:00,CAT_CLOTH-976,$198.6,1.0,3.7,20.0,Beograd
TXN-10011,2025-10-12 07:00:00,CAT_ELEC-694,338.09,1.0,5.0,49.0,Novi Sad
TXN-10012,2025-04-14 06:00:00,CAT_BOOKS-749,389.94,1.0,3.9,41.0,Novi Sad
TXN-10013,2025-11-24 07:00:00,CAT_BEAUTY-113, $151.09 ,1.0,4.3,43.0,Zrenjanin
TXN-10014,2025-01-01 20:00:00,CAT_HOME-599, $204.62 ,1.0,3.5,27.0,Novi Sad
TXN-10015,2025-10-01 11:00:00,CAT_BOOKS-356,208.1$,2.0,5.0,58.0,Zrenjanin
TXN-10016,2025-12-20 04:00:00,CAT_CLOTH-405,183.27,5.0,2.2,44.0,Niš
TXN-10017,2025-10-03 18:00:00,CAT_ELEC-318,436.31$,2.0,1.9,47.0,Beograd
TXN-10018,2025-01-11 19:00:00,CAT_CLOTH-746, $39.33 ,4.0,4.2,19.0,Subotica
TXN-10019,2025-10-04 08:00:00,CAT_CLOTH-682,$367.92,1.0,4.4,66.0,Kragujevac
TXN-10020,2025-10-10 19:00:00,CAT_BOOKS-828, $46.72 ,1.0,3.0,51.0,Beograd
TXN-10021,2025-02-17 22:00:00,CAT_BOOKS-982,,1.0,3.6,19.0,Niš
TXN-10022,2025-05-18 13:00:00,CAT_ELEC-238,$213.07,1.0,5.0,41.0,Niš
TXN-10023,2025-02-28 15:00:00,CAT_CLOTH-264,173.16,1.0,4.0,24.0,Novi Sad
TXN-10024,2025-04-24 03:00:00,CAT_CLOTH-347,64.37$,4.0,3.2,58.0,Kragujevac
TXN-10025,2025-12-06 20:00:00,CAT_CLOTH-547, $266.46 ,3.0,2.2,25.0,Beograd
TXN-10026,2025-09-08 05:00:00,CAT_BOOKS-333,$372.15,2.0,1.3,21.0,Beograd
TXN-10027,2025-07-17 19:00:00,CAT_BOOKS-763,$260.86,4.0,1.7,44.0,Beograd
TXN-10028,2025-04-14 05:00:00,CAT_CLOTH-411,485.56,1.0,1.8,61.0,Novi Sad
TXN-10029,2025-12-24 04:00:00,CAT_BOOKS-411,276.25,5.0,2.1,46.0,Kragujevac
TXN-10030,2025-06-13 15:00:00,CAT_HOME-888,90.57,1.0,2.8,33.0,Subotica
TXN-10031,2025-12-05 13:00:00,CAT_CLOTH-627,$371.67,1.0,1.2,57.0,Kragujevac
TXN-10032,2025-02-16 05:00:00,CAT_CLOTH-552,438.11,5.0,,45.0,Novi Sad
TXN-10033,2025-05-30 21:00:00,CAT_BOOKS-568,35.54,2.0,2.1,57.0,Beograd
TXN-10034,2025-08-24 04:00:00,CAT_HOME-967,$338.63,1.0,,33.0,Novi Sad
TXN-10035,2025-01-28 11:00:00,CAT_BOOKS-936,14.9,4.0,4.6,52.0,Novi Sad
TXN-10036,2025-08-06 18:00:00,CAT_ELEC-833,430.64,3.0,4.0,32.0,Novi Sad
TXN-10037,2025-05-12 14:00:00,CAT_BOOKS-963,57.73,1.0,3.2,48.0,Subotica
TXN-10038,2025-12-10 20:00:00,CAT_ELEC-159, $451.28 ,1.0,2.1,58.0,Kragujevac
TXN-10039,2025-10-08 20:00:00,CAT_BOOKS-412,457.9$,1.0,4.4,33.0,Niš
TXN-10040,2025-11-13 15:00:00,CAT_CLOTH-208, $410.52 ,4.0,,29.0,Kragujevac
TXN-10041,2025-11-13 21:00:00,CAT_BEAUTY-806, $19.5 ,1.0,4.2,28.0,Subotica
TXN-10042,2025-08-08 13:00:00,CAT_BOOKS-720, $94.06 ,1.0,2.7,29.0,Novi Sad
TXN-10043,2025-10-20 06:00:00,CAT_BOOKS-593,461.11,4.0,4.9,27.0,Beograd
TXN-10044,2025-02-22 03:00:00,CAT_HOME-399,$24.48,3.0,2.7,47.0,Beograd
TXN-10045,2025-03-21 04:00:00,CAT_BEAUTY-204,315.99$,1.0,4.7,30.0,Zrenjanin
TXN-10046,2025-03-03 18:00:00,CAT_BOOKS-631,448.62$,2.0,1.3,66.0,Zrenjanin
TXN-10047,2025-03-29 14:00:00,CAT_ELEC-337,307.83,1.0,2.8,57.0,Kragujevac
TXN-10048,2025-03-26 10:00:00,CAT_BOOKS-228,440.03$,2.0,2.6,40.0,Novi Sad
TXN-10049,2025-04-07 23:00:00,CAT_BOOKS-399,471.47$,1.0,1.3,35.0,Subotica
TXN-10050,2025-07-05 23:00:00,CAT_HOME-500, $480.66 ,1.0,1.4,54.0,Subotica
TXN-10051,2025-01-27 12:00:00,CAT_HOME-304,414.79$,5.0,2.6,60.0,Novi Sad
TXN-10052,2025-02-24 17:00:00,CAT_HOME-976, $319.53 ,4.0,4.0,62.0,Kragujevac
TXN-10053,2025-09-16 16:00:00,CAT_HOME-351,66.53$,2.0,3.3,63.0,Niš
TXN-10054,2025-03-30 15:00:00,CAT_BEAUTY-998,267.64$,1.0,3.8,39.0,Zrenjanin
TXN-10055,2025-01-07 10:00:00,CAT_HOME-334,286.76$,1.0,2.3,58.0,Zrenjanin
TXN-10056,,CAT_ELEC-348,79.66$,2.0,3.5,61.0,Beograd
TXN-10057,2025-04-08 14:00:00,CAT_BOOKS-158,22.15$,2.0,2.8,62.0,Beograd
TXN-10058,2025-07-28 00:00:00,CAT_BOOKS-977,$239.05,2.0,3.2,69.0,Subotica
TXN-10059,2025-12-26 16:00:00,CAT_BOOKS-196,70.5,2.0,2.9,40.0,Subotica
TXN-10060,2025-12-26 07:00:00,CAT_HOME-146,420.16$,2.0,3.5,34.0,Niš
TXN-10061,2025-01-26 11:00:00,CAT_BOOKS-329,72.99$,1.0,3.6,67.0,Beograd
TXN-10062,,CAT_BEAUTY-444, $354.58 ,2.0,4.8,29.0,Zrenjanin
TXN-10063,2025-11-03 15:00:00,CAT_CLOTH-972, $442.65 ,4.0,3.3,66.0,Zrenjanin
TXN-10064,2025-03-01 02:00:00,CAT_CLOTH-536, $421.68 ,1.0,4.3,48.0,Niš
TXN-10065,,CAT_CLOTH-847,306.82,2.0,3.1,36.0,Niš
TXN-10066,2025-02-05 10:00:00,CAT_BOOKS-618,$350.14,1.0,4.2,40.0,Zrenjanin
TXN-10067,2025-06-22 18:00:00,CAT_CLOTH-378,428.97,4.0,2.8,51.0,
TXN-10068,2025-06-09 15:00:00,CAT_ELEC-715,20.77$,1.0,4.6,26.0,Subotica
TXN-10069,2025-11-08 09:00:00,CAT_BEAUTY-661,115.75,2.0,3.4,27.0,Subotica
TXN-10070,2025-04-10 08:00:00,CAT_HOME-962,486.3,1.0,1.0,35.0,Kragujevac
TXN-10071,2025-12-17 07:00:00,CAT_HOME-348, $115.83 ,3.0,3.7,18.0,Beograd
TXN-10072,2025-05-26 21:00:00,CAT_HOME-279,$309.96,2.0,1.7,20.0,Niš
TXN-10073,2025-12-06 18:00:00,CAT_ELEC-864, $43.29 ,5.0,1.6,21.0,Subotica
TXN-10074,2025-09-10 02:00:00,CAT_BOOKS-586,$288.97,2.0,4.9,32.0,Kragujevac
TXN-10075,2025-04-05 23:00:00,CAT_BOOKS-591, $213.08 ,3.0,3.8,61.0,Novi Sad
TXN-10076,2025-11-26 02:00:00,CAT_BEAUTY-202,126.45,1.0,4.5,34.0,Subotica
TXN-10077,2025-05-04 21:00:00,CAT_HOME-528, $129.66 ,1.0,4.5,60.0,Novi Sad
TXN-10078,2025-07-26 10:00:00,CAT_ELEC-961, $459.32 ,2.0,3.0,35.0,Subotica
TXN-10079,2025-01-21 18:00:00,CAT_CLOTH-963,99.92,1.0,2.9,19.0,Novi Sad
TXN-10080,2025-10-13 15:00:00,CAT_CLOTH-123,495.68,1.0,2.2,55.0,Subotica
TXN-10081,2025-01-28 17:00:00,CAT_BOOKS-531, $269.95 ,1.0,3.0,57.0,Zrenjanin
TXN-10082,2025-08-27 06:00:00,CAT_BOOKS-539,$355.76,5.0,,23.0,Novi Sad
TXN-10083,2025-01-30 06:00:00,CAT_BEAUTY-297,263.31$,2.0,2.6,58.0,
TXN-10084,NEVAŽEĆI_DATUM,CAT_BOOKS-550,$271.88,2.0,2.1,30.0,Novi Sad
TXN-10085,2025-06-22 02:00:00,CAT_HOME-211,138.11,1.0,4.2,62.0,Kragujevac
TXN-10086,2025-03-20 16:00:00,CAT_ELEC-369,$45.31,2.0,,48.0,Novi Sad
TXN-10087,2025-04-01 14:00:00,CAT_ELEC-965,$10.27,1.0,3.8,57.0,Niš
TXN-10088,2025-01-02 06:00:00,CAT_BOOKS-489,330.51$,2.0,3.0,36.0,Kragujevac
TXN-10089,2025-04-07 00:00:00,CAT_BEAUTY-149,$44.01,1.0,4.7,42.0,Zrenjanin
TXN-10090,NEVAŽEĆI_DATUM,CAT_BOOKS-850,$410.19,2.0,1.4,55.0,Novi Sad
TXN-10091,2025-01-23 14:00:00,CAT_CLOTH-178, $54.75 ,10.0,1.1,45.0,Kragujevac
TXN-10092,2025-11-24 09:00:00,CAT_BOOKS-161, $62.42 ,2.0,1.5,50.0,Beograd
TXN-10093,2025-09-30 23:00:00,CAT_BEAUTY-727,$190.01,2.0,5.0,41.0,Zrenjanin
TXN-10094,2025-11-24 09:00:00,CAT_HOME-177,454.79,1.0,4.3,33.0,Zrenjanin
TXN-10095,2025-08-12 07:00:00,CAT_BOOKS-402, $395.16 ,2.0,4.7,59.0,Zrenjanin
TXN-10096,2025-07-12 12:00:00,CAT_ELEC-949,403.08,1.0,3.7,24.0,Kragujevac
TXN-10097,2025-08-12 15:00:00,CAT_HOME-549,47.28,4.0,2.4,66.0,Zrenjanin
TXN-10098,2025-02-22 07:00:00,CAT_BOOKS-558,128.67$,1.0,4.7,41.0,Niš
TXN-10099,2025-03-15 22:00:00,CAT_BEAUTY-663, $238.21 ,1.0,4.8,18.0,Subotica
TXN-10100,2025-04-08 06:00:00,CAT_HOME-169, $205.74 ,1.0,2.2,26.0,Novi Sad
TXN-10101,2025-10-24 17:00:00,CAT_HOME-415,334.02$,1.0,3.6,58.0,Subotica
TXN-10102,2025-07-31 01:00:00,CAT_BEAUTY-938,,2.0,4.8,69.0,Novi Sad
TXN-10103,2025-08-21 15:00:00,CAT_BOOKS-817,262.06$,3.0,4.2,53.0,Niš
TXN-10104,2025-09-29 18:00:00,CAT_CLOTH-886,$31.4,1.0,1.2,59.0,Beograd
TXN-10105,NEVAŽEĆI_DATUM,CAT_ELEC-957,286.48$,1.0,3.0,30.0,Zrenjanin
TXN-10106,2025-06-12 05:00:00,CAT_HOME-216,148.89,2.0,2.0,67.0,Zrenjanin
TXN-10107,2025-06-04 20:00:00,CAT_BOOKS-587,$72.27,1.0,1.3,18.0,Zrenjanin
TXN-10108,2025-04-26 20:00:00,CAT_HOME-681,154.38,1.0,3.8,61.0,Kragujevac
TXN-10109,2025-05-01 00:00:00,CAT_BEAUTY-255,175.27,1.0,3.3,32.0,Subotica
TXN-10110,2025-05-13 19:00:00,CAT_CLOTH-991,186.93,3.0,4.3,40.0,Niš
TXN-10111,2025-11-06 09:00:00,CAT_HOME-188,$258.44,1.0,1.9,52.0,Niš
TXN-10112,2025-08-28 03:00:00,CAT_BEAUTY-995,$266.11,3.0,4.0,23.0,Zrenjanin
TXN-10113,2025-11-24 05:00:00,CAT_BOOKS-126, $478.14 ,1.0,3.6,52.0,Novi Sad
TXN-10114,,CAT_HOME-963, $220.83 ,2.0,2.7,19.0,Kragujevac
TXN-10115,NEVAŽEĆI_DATUM,CAT_BEAUTY-492, $165.66 ,2.0,2.4,32.0,Zrenjanin
TXN-10116,2025-03-12 09:00:00,CAT_ELEC-624,153.47,5.0,1.1,39.0,Kragujevac
TXN-10117,NEVAŽEĆI_DATUM,CAT_BOOKS-223, $492.4 ,2.0,2.0,54.0,Kragujevac
TXN-10118,2025-04-03 20:00:00,CAT_HOME-742,217.0,1.0,4.7,33.0,Subotica
TXN-10119,2025-11-10 09:00:00,CAT_ELEC-461,350.54$,1.0,1.4,38.0,Novi Sad
TXN-10120,2025-04-02 19:00:00,CAT_BEAUTY-911, $447.83 ,5.0,3.9,59.0,Zrenjanin
TXN-10121,2025-05-06 06:00:00,CAT_HOME-429,295.64$,2.0,2.5,38.0,Beograd
TXN-10122,2025-06-20 20:00:00,CAT_BOOKS-492,25.16,2.0,3.3,21.0,Subotica
TXN-10123,2025-03-30 08:00:00,CAT_HOME-940,444.84,1.0,4.7,37.0,Zrenjanin
TXN-10124,2025-06-02 19:00:00,CAT_CLOTH-635, $289.83 ,2.0,1.9,49.0,Zrenjanin
TXN-10125,2025-04-06 11:00:00,CAT_CLOTH-657,268.16,2.0,4.0,67.0,Subotica
TXN-10126,2025-03-08 18:00:00,CAT_CLOTH-965, $429.67 ,5.0,2.4,43.0,Novi Sad
TXN-10127,2025-03-30 14:00:00,CAT_BOOKS-149,$445.57,1.0,3.6,24.0,Zrenjanin
TXN-10128,2025-10-30 14:00:00,CAT_BEAUTY-238,32.55,1.0,1.8,26.0,Niš
TXN-10129,2025-10-05 06:00:00,CAT_CLOTH-185,174.63,2.0,2.5,31.0,Subotica
TXN-10130,2025-07-27 01:00:00,CAT_HOME-903,14.74,1.0,4.7,54.0,Beograd
TXN-10131,NEVAŽEĆI_DATUM,CAT_HOME-691,$331.96,5.0,3.6,55.0,Kragujevac
TXN-10132,2025-06-03 03:00:00,CAT_HOME-758,$165.41,2.0,4.8,36.0,Zrenjanin
TXN-10133,2025-10-25 08:00:00,CAT_HOME-116,88.68,1.0,1.9,47.0,Novi Sad
TXN-10134,2025-08-04 01:00:00,CAT_HOME-571,440.66,2.0,2.4,23.0,Zrenjanin
TXN-10135,2025-09-09 06:00:00,CAT_HOME-730,$310.31,3.0,2.9,52.0,Subotica
TXN-10136,2025-06-06 16:00:00,CAT_BEAUTY-563,,2.0,3.9,40.0,Beograd
TXN-10137,2025-06-19 11:00:00,CAT_CLOTH-873,$192.03,2.0,2.0,69.0,Novi Sad
TXN-10138,2025-12-18 19:00:00,CAT_HOME-301,$291.49,2.0,2.1,32.0,Kragujevac
TXN-10139,2025-07-25 16:00:00,CAT_BEAUTY-527,190.63,4.0,4.2,18.0,Beograd
TXN-10140,2025-03-12 05:00:00,CAT_HOME-127,370.33,1.0,2.2,69.0,Zrenjanin
TXN-10141,2025-09-13 00:00:00,CAT_HOME-559,113.38,1.0,3.7,49.0,Beograd
TXN-10142,2025-12-27 15:00:00,CAT_BEAUTY-278, $392.67 ,1.0,3.0,61.0,Novi Sad
TXN-10143,2025-04-06 03:00:00,CAT_BOOKS-950,$440.99,1.0,3.7,28.0,Niš
TXN-10144,2025-10-13 09:00:00,CAT_BOOKS-479,$240.4,1.0,2.1,47.0,Subotica
TXN-10145,2025-02-05 12:00:00,CAT_BOOKS-549, $387.93 ,2.0,3.2,28.0,Zrenjanin
TXN-10146,2025-06-28 22:00:00,CAT_BOOKS-900,130.37$,5.0,2.4,47.0,Subotica
TXN-10147,2025-04-08 19:00:00,CAT_ELEC-108,363.97,5.0,2.5,47.0,Kragujevac
TXN-10148,2025-10-12 04:00:00,CAT_HOME-138,$166.4,4.0,3.3,31.0,Subotica
TXN-10149,NEVAŽEĆI_DATUM,CAT_ELEC-395,$71.09,2.0,,64.0,Beograd
TXN-10150,2025-09-21 05:00:00,CAT_BOOKS-632,,3.0,4.2,67.0,Kragujevac
TXN-10151,2025-11-29 02:00:00,CAT_BOOKS-187,$176.33,1.0,1.9,69.0,Kragujevac
TXN-10152,2025-09-21 10:00:00,CAT_HOME-140,$491.0,1.0,3.1,36.0,Zrenjanin
TXN-10153,2025-09-19 02:00:00,CAT_HOME-648,459.17,2.0,3.4,28.0,Novi Sad
TXN-10154,2025-06-05 14:00:00,CAT_BOOKS-577,$61.15,3.0,2.8,60.0,Kragujevac
TXN-10155,2025-02-24 03:00:00,CAT_ELEC-220, $467.19 ,1.0,1.2,63.0,Novi Sad
TXN-10156,2025-06-14 09:00:00,CAT_CLOTH-220, $121.65 ,2.0,3.2,21.0,Niš
TXN-10157,2025-06-23 18:00:00,CAT_BEAUTY-264, $292.54 ,10.0,2.0,50.0,Subotica
TXN-10158,NEVAŽEĆI_DATUM,CAT_BOOKS-921, $290.48 ,1.0,,22.0,Zrenjanin
TXN-10159,2025-08-04 08:00:00,CAT_CLOTH-455,114.66$,1.0,3.3,68.0,Novi Sad
TXN-10160,2025-04-06 16:00:00,CAT_HOME-920,52.03$,1.0,2.4,54.0,Zrenjanin
TXN-10161,2025-05-05 08:00:00,CAT_BEAUTY-796,142.87$,1.0,3.8,41.0,Novi Sad
TXN-10162,2025-04-28 21:00:00,CAT_ELEC-753,$222.55,4.0,1.9,49.0,Beograd
TXN-10163,2025-10-25 20:00:00,CAT_HOME-888, $421.34 ,1.0,3.1,43.0,Zrenjanin
TXN-10164,2025-12-29 12:00:00,CAT_HOME-259,,3.0,4.4,29.0,Subotica
TXN-10165,2025-12-29 22:00:00,CAT_BOOKS-998, $105.54 ,2.0,4.1,20.0,Kragujevac
TXN-10166,2025-06-25 06:00:00,CAT_BOOKS-975, $56.3 ,3.0,2.3,69.0,Niš
TXN-10167,2025-09-19 08:00:00,CAT_HOME-794,38.01$,1.0,2.8,24.0,Niš
TXN-10168,2025-03-12 05:00:00,CAT_BEAUTY-810, $52.23 ,1.0,1.1,59.0,Subotica
TXN-10169,2025-08-24 13:00:00,CAT_BEAUTY-789,34.88,1.0,3.7,42.0,Zrenjanin
TXN-10170,,CAT_BOOKS-343,$194.26,1.0,3.7,41.0,Novi Sad
TXN-10171,2025-10-22 09:00:00,CAT_BOOKS-413,30.67$,1.0,4.4,44.0,Subotica
TXN-10172,2025-12-21 16:00:00,CAT_HOME-388,376.67,1.0,4.6,37.0,Niš
TXN-10173,NEVAŽEĆI_DATUM,CAT_BOOKS-509,414.87$,5.0,3.0,63.0,Niš
TXN-10174,2025-07-20 08:00:00,CAT_BEAUTY-128,12.6,1.0,4.7,33.0,Novi Sad
TXN-10175,2025-04-13 13:00:00,CAT_CLOTH-486,$469.8,5.0,2.1,23.0,Beograd
TXN-10176,2025-01-18 22:00:00,CAT_HOME-688,$457.98,2.0,2.9,18.0,Subotica
TXN-10177,,CAT_BEAUTY-394,374.53,4.0,4.3,42.0,Niš
TXN-10178,2025-06-09 18:00:00,CAT_BEAUTY-778,$160.41,2.0,4.5,58.0,Niš
TXN-10179,2025-03-02 05:00:00,CAT_HOME-401,$323.82,1.0,4.8,30.0,Niš
TXN-10180,2025-11-11 04:00:00,CAT_HOME-817,$492.5,3.0,1.2,30.0,Subotica
TXN-10181,2025-01-19 02:00:00,CAT_ELEC-809,$401.62,5.0,2.3,23.0,Subotica
TXN-10182,2025-08-04 13:00:00,CAT_HOME-302,46.18$,2.0,1.5,60.0,Zrenjanin
TXN-10183,2025-07-12 06:00:00,CAT_ELEC-341,$132.3,5.0,2.8,57.0,Beograd
TXN-10184,2025-01-30 01:00:00,CAT_CLOTH-383,$236.96,1.0,3.7,28.0,Zrenjanin
TXN-10185,2025-03-01 00:00:00,CAT_BOOKS-356,230.89$,2.0,1.3,35.0,Subotica
TXN-10186,2025-09-24 22:00:00,CAT_BOOKS-652,155.5,1.0,4.8,50.0,Kragujevac
TXN-10187,2025-11-29 01:00:00,CAT_BEAUTY-397, $280.22 ,5.0,2.7,61.0,Niš
TXN-10188,,CAT_ELEC-293, $396.4 ,1.0,4.0,30.0,Novi Sad
TXN-10189,2025-02-23 04:00:00,CAT_BOOKS-606,323.6$,1.0,2.7,45.0,Kragujevac
TXN-10190,2025-09-15 05:00:00,CAT_BOOKS-245,298.2$,1.0,2.7,40.0,Niš
TXN-10191,2025-02-20 02:00:00,CAT_CLOTH-670,346.74$,3.0,4.0,43.0,Kragujevac
TXN-10192,2025-01-15 12:00:00,CAT_ELEC-649,253.7$,4.0,3.5,52.0,Zrenjanin
TXN-10193,2025-12-10 13:00:00,CAT_HOME-124,157.67$,1.0,3.5,30.0,Subotica
TXN-10194,2025-01-05 22:00:00,CAT_BOOKS-210, $193.68 ,10.0,1.9,20.0,Subotica
TXN-10195,2025-08-23 02:00:00,CAT_BEAUTY-127,246.43,1.0,2.4,22.0,Subotica
TXN-10196,2025-07-16 11:00:00,CAT_HOME-912,197.07,1.0,1.9,45.0,Subotica
TXN-10197,2025-03-31 16:00:00,CAT_CLOTH-949,312.98,2.0,1.7,45.0,Beograd
TXN-10198,NEVAŽEĆI_DATUM,CAT_HOME-544, $380.07 ,2.0,1.2,43.0,Subotica
TXN-10199,2025-01-25 20:00:00,CAT_ELEC-195,$107.36,2.0,2.6,53.0,Niš
TXN-10200,2025-10-05 01:00:00,CAT_BOOKS-829,$245.86,2.0,1.4,49.0,Beograd
TXN-10201,2025-10-22 00:00:00,CAT_HOME-568, $183.04 ,1.0,1.3,66.0,Novi Sad
TXN-10202,2025-10-03 01:00:00,CAT_BEAUTY-132, $24.69 ,2.0,3.4,50.0,Novi Sad
TXN-10203,2025-01-22 20:00:00,CAT_BOOKS-517,$419.89,1.0,1.9,63.0,Kragujevac
TXN-10204,NEVAŽEĆI_DATUM,CAT_CLOTH-523, $448.61 ,2.0,3.7,55.0,Novi Sad
TXN-10205,2025-03-25 23:00:00,CAT_HOME-620,459.61$,1.0,4.4,50.0,Novi Sad
TXN-10206,NEVAŽEĆI_DATUM,CAT_CLOTH-234,88.78,1.0,2.9,24.0,Novi Sad
TXN-10207,2025-10-30 07:00:00,CAT_ELEC-620,268.66,1.0,1.4,58.0,Beograd
TXN-10208,2025-02-24 17:00:00,CAT_BEAUTY-611, $371.95 ,1.0,3.4,30.0,Kragujevac
TXN-10209,2025-01-12 14:00:00,CAT_ELEC-571,$44.55,1.0,3.7,37.0,Niš
TXN-10210,2025-06-10 08:00:00,CAT_ELEC-865, $136.14 ,2.0,4.6,41.0,Novi Sad
TXN-10211,2025-01-28 17:00:00,CAT_BOOKS-954,,2.0,3.0,32.0,Niš
TXN-10212,2025-01-18 05:00:00,CAT_ELEC-485, $236.53 ,2.0,2.7,64.0,Niš
TXN-10213,2025-05-14 17:00:00,CAT_CLOTH-617,79.65$,3.0,2.2,42.0,Beograd
TXN-10214,2025-02-08 22:00:00,CAT_HOME-246,46.42,1.0,4.2,26.0,Kragujevac
TXN-10215,2025-01-11 01:00:00,CAT_HOME-736,,1.0,2.0,48.0,Novi Sad
TXN-10216,2025-07-28 00:00:00,CAT_BEAUTY-904,$25.45,1.0,4.3,40.0,Beograd
TXN-10217,2025-09-03 20:00:00,CAT_HOME-385,$42.55,1.0,3.6,27.0,Subotica
TXN-10218,2025-04-05 17:00:00,CAT_HOME-910,66.77$,3.0,4.4,63.0,Novi Sad
TXN-10219,2025-12-11 21:00:00,CAT_BEAUTY-109,$105.47,1.0,1.3,61.0,Niš
TXN-10220,2025-10-03 13:00:00,CAT_BOOKS-345,284.33,2.0,2.5,64.0,Subotica
TXN-10221,2025-01-06 06:00:00,CAT_HOME-507,192.33$,1.0,4.3,56.0,Subotica
TXN-10222,2025-05-15 09:00:00,CAT_HOME-992,219.53,2.0,1.2,67.0,Zrenjanin
TXN-10223,2025-10-07 14:00:00,CAT_BOOKS-609,345.68,3.0,2.6,37.0,Beograd
TXN-10224,2025-03-21 22:00:00,CAT_ELEC-994,99.44,1.0,1.7,38.0,Kragujevac
TXN-10225,2025-03-06 09:00:00,CAT_BEAUTY-546, $64.71 ,4.0,1.8,37.0,Kragujevac
TXN-10226,2025-09-13 19:00:00,CAT_CLOTH-726,354.6,1.0,3.9,60.0,Niš
TXN-10227,NEVAŽEĆI_DATUM,CAT_ELEC-798,498.7$,1.0,1.3,56.0,Kragujevac
TXN-10228,2025-05-05 11:00:00,CAT_CLOTH-534,245.98,3.0,4.9,24.0,Niš
TXN-10229,2025-09-26 13:00:00,CAT_HOME-242,$285.04,3.0,4.0,45.0,Subotica
TXN-10230,2025-06-24 11:00:00,CAT_CLOTH-688,111.57,1.0,4.1,21.0,Kragujevac
TXN-10231,NEVAŽEĆI_DATUM,CAT_CLOTH-888,373.39$,1.0,3.1,20.0,Niš
TXN-10232,NEVAŽEĆI_DATUM,CAT_HOME-358, $174.78 ,3.0,1.8,30.0,Kragujevac
TXN-10233,2025-10-17 11:00:00,CAT_ELEC-549,167.14,1.0,1.0,58.0,Novi Sad
TXN-10234,2025-10-27 15:00:00,CAT_CLOTH-259,,1.0,3.7,46.0,Beograd
TXN-10235,2025-04-21 13:00:00,CAT_BEAUTY-132, $324.82 ,2.0,4.6,65.0,Subotica
TXN-10236,2025-05-12 19:00:00,CAT_ELEC-681,$367.26,4.0,1.1,26.0,Novi Sad
TXN-10237,2025-05-17 09:00:00,CAT_BEAUTY-662,$245.67,1.0,3.5,19.0,Kragujevac
TXN-10238,2025-07-07 19:00:00,CAT_CLOTH-603,335.03$,1.0,4.0,50.0,Zrenjanin
TXN-10239,2025-06-11 15:00:00,CAT_BEAUTY-524,457.24$,1.0,1.6,32.0,Novi Sad
TXN-10240,2025-11-15 20:00:00,CAT_CLOTH-530, $481.92 ,1.0,4.6,25.0,Kragujevac
TXN-10241,2025-02-13 14:00:00,CAT_HOME-921,$468.38,1.0,3.2,56.0,Zrenjanin
TXN-10242,2025-04-19 05:00:00,CAT_CLOTH-997,391.41$,2.0,3.2,51.0,Beograd
TXN-10243,NEVAŽEĆI_DATUM,CAT_BOOKS-939,363.52,1.0,2.8,31.0,Niš
TXN-10244,2025-01-24 16:00:00,CAT_HOME-853, $449.16 ,2.0,4.4,44.0,Novi Sad
TXN-10245,,CAT_HOME-899,252.15,4.0,,47.0,Novi Sad
TXN-10246,2025-08-29 10:00:00,CAT_BEAUTY-224,444.36,2.0,1.8,66.0,Beograd
TXN-10247,2025-04-08 01:00:00,CAT_CLOTH-398,366.63,2.0,4.6,25.0,Beograd
TXN-10248,2025-07-10 01:00:00,CAT_BEAUTY-841,339.9,4.0,1.3,34.0,Beograd
TXN-10249,2025-10-05 00:00:00,CAT_CLOTH-337,189.39,4.0,4.4,62.0,Niš
TXN-10250,2025-07-24 11:00:00,CAT_CLOTH-782,,3.0,2.0,46.0,Beograd
TXN-10251,2025-07-16 13:00:00,CAT_HOME-569,373.5,4.0,1.5,32.0,Subotica
TXN-10252,2025-06-30 09:00:00,CAT_CLOTH-103,$393.6,1.0,3.8,49.0,Kragujevac
TXN-10253,2025-03-12 10:00:00,CAT_BEAUTY-880,100.18,1.0,4.5,42.0,Zrenjanin
TXN-10254,2025-08-14 14:00:00,CAT_BOOKS-766,$183.36,5.0,2.4,36.0,Subotica
TXN-10255,NEVAŽEĆI_DATUM,CAT_ELEC-658,169.04,2.0,3.0,32.0,Kragujevac
TXN-10256,2025-11-05 09:00:00,CAT_BOOKS-468,231.4,5.0,4.1,33.0,Beograd
TXN-10257,2025-06-20 01:00:00,CAT_ELEC-266,37.99$,2.0,1.2,67.0,Zrenjanin
TXN-10258,2025-06-16 01:00:00,CAT_ELEC-938,125.66$,1.0,3.4,23.0,Zrenjanin
TXN-10259,2025-03-05 02:00:00,CAT_ELEC-135,$404.78,1.0,3.6,60.0,Zrenjanin
TXN-10260,NEVAŽEĆI_DATUM,CAT_CLOTH-226,228.52,1.0,2.2,23.0,Novi Sad
TXN-10261,2025-08-20 16:00:00,CAT_CLOTH-915,190.68$,1.0,,26.0,Beograd
TXN-10262,2025-12-12 10:00:00,CAT_ELEC-394,239.98,1.0,3.5,51.0,Niš
TXN-10263,2025-03-28 01:00:00,CAT_CLOTH-932,$313.88,2.0,4.5,31.0,Subotica
TXN-10264,2025-08-11 11:00:00,CAT_HOME-284,292.61$,4.0,3.1,23.0,Novi Sad
TXN-10265,2025-07-19 19:00:00,CAT_BEAUTY-297, $296.8 ,3.0,1.4,66.0,Novi Sad
TXN-10266,2025-11-24 15:00:00,CAT_ELEC-997,481.64,1.0,2.4,26.0,Niš
TXN-10267,2025-04-04 16:00:00,CAT_CLOTH-410,65.28$,1.0,3.0,61.0,Niš
TXN-10268,2025-02-28 20:00:00,CAT_BEAUTY-408, $127.46 ,1.0,3.8,53.0,Niš
TXN-10269,2025-03-05 21:00:00,CAT_HOME-377,,4.0,5.0,63.0,Niš
TXN-10270,2025-05-07 22:00:00,CAT_BOOKS-533, $153.63 ,2.0,3.7,44.0,Beograd
TXN-10271,2025-09-24 12:00:00,CAT_BOOKS-877,104.57$,4.0,4.9,66.0,Beograd
TXN-10272,2025-09-08 23:00:00,CAT_BOOKS-172,251.83,1.0,1.3,46.0,Subotica
TXN-10273,2025-01-16 10:00:00,CAT_ELEC-287,486.79,1.0,1.2,23.0,Niš
TXN-10274,2025-01-22 02:00:00,CAT_BEAUTY-867,82.51,1.0,2.9,26.0,Zrenjanin
TXN-10275,2025-12-29 15:00:00,CAT_CLOTH-201,270.96$,10.0,3.3,38.0,Zrenjanin
TXN-10276,2025-08-09 14:00:00,CAT_BEAUTY-695, $208.84 ,1.0,1.7,24.0,Novi Sad
TXN-10277,2025-06-20 22:00:00,CAT_BOOKS-644,138.59$,5.0,2.6,55.0,Novi Sad
TXN-10278,2025-10-11 12:00:00,CAT_ELEC-844, $403.16 ,1.0,3.2,30.0,Zrenjanin
TXN-10279,2025-03-10 02:00:00,CAT_HOME-538, $348.31 ,3.0,1.8,43.0,Zrenjanin
TXN-10280,2025-12-15 18:00:00,CAT_CLOTH-705,256.59$,3.0,4.9,27.0,Niš
TXN-10281,2025-03-21 21:00:00,CAT_BOOKS-447,73.54,1.0,1.8,60.0,Zrenjanin
TXN-10282,2025-06-25 18:00:00,CAT_ELEC-982,89.46$,1.0,2.4,32.0,Kragujevac
TXN-10283,2025-12-26 23:00:00,CAT_CLOTH-128,386.78$,1.0,4.9,45.0,Subotica
TXN-10284,2025-09-28 21:00:00,CAT_ELEC-906,343.13,3.0,2.5,67.0,Novi Sad
TXN-10285,2025-05-16 09:00:00,CAT_CLOTH-757,424.02,1.0,3.4,20.0,Niš
TXN-10286,2025-03-03 14:00:00,CAT_HOME-411,$34.36,1.0,1.1,62.0,Beograd
TXN-10287,2025-05-24 16:00:00,CAT_BEAUTY-476,449.9,1.0,1.9,31.0,Beograd
TXN-10288,2025-09-22 23:00:00,CAT_HOME-110, $332.02 ,1.0,2.0,23.0,Niš
TXN-10289,2025-04-04 17:00:00,CAT_BEAUTY-602,90.08,1.0,4.6,30.0,Beograd
TXN-10290,2025-10-07 14:00:00,CAT_ELEC-914,473.86,1.0,2.8,25.0,Zrenjanin
TXN-10291,2025-07-12 23:00:00,CAT_ELEC-877,301.25$,1.0,,40.0,Subotica
TXN-10292,2025-08-26 10:00:00,CAT_HOME-769, $208.89 ,4.0,3.5,30.0,Kragujevac
TXN-10293,2025-01-17 18:00:00,CAT_BOOKS-518, $151.71 ,5.0,2.9,20.0,Subotica
TXN-10294,2025-03-19 07:00:00,CAT_BOOKS-961, $403.95 ,10.0,3.1,30.0,Beograd
TXN-10295,2025-04-19 13:00:00,CAT_ELEC-753, $164.1 ,1.0,3.6,57.0,Kragujevac
TXN-10296,2025-07-20 02:00:00,CAT_BOOKS-632, $470.09 ,1.0,4.3,51.0,Kragujevac
TXN-10297,2025-06-20 18:00:00,CAT_BEAUTY-447, $79.45 ,1.0,2.3,32.0,Niš
TXN-10298,2025-11-19 18:00:00,CAT_HOME-459,348.38,1.0,4.0,46.0,Beograd
TXN-10299,2025-03-27 02:00:00,CAT_BEAUTY-138,356.24,3.0,1.2,54.0,Subotica
TXN-10300,2025-06-21 14:00:00,CAT_BEAUTY-387, $343.88 ,1.0,1.7,19.0,Zrenjanin
TXN-10301,2025-07-24 18:00:00,CAT_HOME-863,$45.27,2.0,3.6,37.0,Kragujevac
TXN-10302,2025-05-10 05:00:00,CAT_CLOTH-618, $317.74 ,4.0,2.6,38.0,Beograd
TXN-10303,2025-01-17 03:00:00,CAT_CLOTH-134, $144.57 ,1.0,1.5,37.0,Novi Sad
TXN-10304,2025-10-28 04:00:00,CAT_BOOKS-945,422.56,4.0,2.3,25.0,Beograd
TXN-10305,2025-08-05 18:00:00,CAT_CLOTH-194,$387.44,1.0,2.5,64.0,Kragujevac
TXN-10306,2025-04-13 12:00:00,CAT_BEAUTY-355, $419.61 ,1.0,1.4,67.0,Niš
TXN-10307,,CAT_CLOTH-397,394.58,1.0,1.1,64.0,Beograd
TXN-10308,2025-09-25 14:00:00,CAT_BOOKS-311, $195.61 ,2.0,1.7,69.0,Subotica
TXN-10309,2025-09-07 21:00:00,CAT_HOME-665,485.94,1.0,2.0,22.0,Beograd
TXN-10310,2025-11-30 21:00:00,CAT_BEAUTY-430, $417.51 ,1.0,4.8,34.0,Zrenjanin
TXN-10311,2025-11-10 12:00:00,CAT_HOME-466,14.04$,1.0,1.5,58.0,Novi Sad
TXN-10312,2025-09-07 20:00:00,CAT_HOME-311,227.92,2.0,1.5,66.0,Subotica
TXN-10313,2025-06-26 20:00:00,CAT_ELEC-702,161.63,1.0,3.6,28.0,Zrenjanin
TXN-10314,2025-10-26 15:00:00,CAT_BOOKS-285,378.05$,1.0,3.1,24.0,Niš
TXN-10315,2025-04-17 06:00:00,CAT_CLOTH-185,$446.7,1.0,2.1,26.0,Beograd
TXN-10316,2025-10-22 19:00:00,CAT_BEAUTY-727,295.63,1.0,1.6,35.0,Kragujevac
TXN-10317,2025-10-09 20:00:00,CAT_CLOTH-468,128.99,1.0,4.8,68.0,Zrenjanin
TXN-10318,NEVAŽEĆI_DATUM,CAT_HOME-392,,2.0,2.7,22.0,Novi Sad
TXN-10319,2025-06-15 06:00:00,CAT_BEAUTY-645,,5.0,3.0,43.0,Novi Sad
TXN-10320,2025-04-24 17:00:00,CAT_CLOTH-523,159.47,2.0,3.8,62.0,Novi Sad
TXN-10321,2025-07-25 00:00:00,CAT_HOME-661,101.19,1.0,3.4,57.0,Zrenjanin
TXN-10322,,CAT_BOOKS-119,$289.36,2.0,4.2,22.0,Kragujevac
TXN-10323,2025-05-08 15:00:00,CAT_BOOKS-176,94.83$,1.0,1.8,40.0,Subotica
TXN-10324,2025-01-06 07:00:00,CAT_BEAUTY-504, $347.23 ,2.0,2.8,44.0,Zrenjanin
TXN-10325,2025-01-25 14:00:00,CAT_BEAUTY-799,328.32$,3.0,3.8,20.0,Subotica
TXN-10326,2025-08-08 22:00:00,CAT_HOME-776, $183.73 ,1.0,1.9,47.0,Niš
TXN-10327,2025-02-23 17:00:00,CAT_CLOTH-153,286.16,1.0,1.7,68.0,Novi Sad
TXN-10328,2025-05-24 15:00:00,CAT_BEAUTY-366,66.65,5.0,3.4,20.0,Zrenjanin
TXN-10329,2025-04-23 06:00:00,CAT_HOME-594,174.04$,1.0,1.5,25.0,Kragujevac
TXN-10330,2025-06-01 12:00:00,CAT_CLOTH-826,112.51$,3.0,3.3,49.0,Beograd
TXN-10331,2025-09-24 09:00:00,CAT_BOOKS-941,319.25$,5.0,4.5,58.0,Beograd
TXN-10332,2025-11-08 02:00:00,CAT_BEAUTY-690, $248.68 ,1.0,1.7,52.0,Niš
TXN-10333,2025-09-12 11:00:00,CAT_BEAUTY-447, $413.47 ,10.0,4.7,63.0,Niš
TXN-10334,2025-04-16 07:00:00,CAT_ELEC-826,322.33$,2.0,2.2,50.0,Beograd
TXN-10335,2025-08-10 16:00:00,CAT_CLOTH-751,184.62$,1.0,3.5,69.0,Zrenjanin
TXN-10336,NEVAŽEĆI_DATUM,CAT_ELEC-285,$246.53,1.0,3.0,29.0,Beograd
TXN-10337,2025-05-20 14:00:00,CAT_BEAUTY-373,,1.0,2.6,29.0,Kragujevac
TXN-10338,2025-04-05 04:00:00,CAT_CLOTH-693, $311.06 ,2.0,3.2,21.0,Subotica
TXN-10339,2025-12-28 05:00:00,CAT_CLOTH-926,453.07$,2.0,1.5,48.0,Subotica
TXN-10340,2025-11-13 05:00:00,CAT_BOOKS-890, $21.79 ,2.0,5.0,68.0,Subotica
TXN-10341,2025-07-30 07:00:00,CAT_CLOTH-911,170.59$,1.0,3.1,48.0,Beograd
TXN-10342,2025-03-05 12:00:00,CAT_CLOTH-643,301.48,1.0,4.9,69.0,Novi Sad
TXN-10343,,CAT_BEAUTY-925,$135.16,1.0,2.3,29.0,Novi Sad
TXN-10344,2025-11-28 10:00:00,CAT_HOME-168,,1.0,4.1,47.0,Subotica
TXN-10345,2025-10-20 19:00:00,CAT_BOOKS-743,$68.84,4.0,3.0,45.0,Kragujevac
TXN-10346,,CAT_BOOKS-494,$185.18,2.0,2.7,52.0,Niš
TXN-10347,2025-05-09 15:00:00,CAT_BEAUTY-342, $464.98 ,3.0,4.7,57.0,Kragujevac
TXN-10348,2025-08-06 18:00:00,CAT_CLOTH-146,218.39,1.0,3.5,26.0,Subotica
TXN-10349,2025-05-24 21:00:00,CAT_ELEC-148,223.79$,4.0,4.2,38.0,Subotica
TXN-10350,2025-10-30 05:00:00,CAT_HOME-473, $390.81 ,1.0,3.0,23.0,Niš
TXN-10351,2025-02-17 08:00:00,CAT_BEAUTY-845, $442.44 ,1.0,4.2,52.0,Novi Sad
TXN-10352,2025-04-04 02:00:00,CAT_CLOTH-934,$159.68,2.0,4.4,51.0,Kragujevac
TXN-10353,,CAT_ELEC-306, $343.7 ,1.0,4.8,32.0,Novi Sad
TXN-10354,2025-10-17 23:00:00,CAT_CLOTH-433, $442.21 ,1.0,1.0,39.0,Zrenjanin
TXN-10355,2025-11-01 14:00:00,CAT_ELEC-584, $309.36 ,1.0,1.9,26.0,Kragujevac
TXN-10356,2025-07-13 00:00:00,CAT_BOOKS-361,,5.0,,25.0,Novi Sad
TXN-10357,2025-05-12 21:00:00,CAT_CLOTH-413,371.68$,1.0,4.3,50.0,Niš
TXN-10358,2025-02-10 10:00:00,CAT_HOME-744, $82.67 ,10.0,4.0,63.0,Subotica
TXN-10359,2025-03-05 22:00:00,CAT_HOME-525, $119.19 ,1.0,1.2,28.0,Kragujevac
TXN-10360,NEVAŽEĆI_DATUM,CAT_ELEC-250,$123.35,1.0,4.8,28.0,Beograd
TXN-10361,2025-06-16 13:00:00,CAT_HOME-855,413.96,1.0,4.9,31.0,Niš
TXN-10362,2025-05-08 16:00:00,CAT_CLOTH-424,320.0,2.0,3.8,34.0,Zrenjanin
TXN-10363,2025-01-22 15:00:00,CAT_BOOKS-861,474.65,5.0,3.9,31.0,Beograd
TXN-10364,2025-03-11 13:00:00,CAT_BOOKS-531,249.03$,1.0,3.5,55.0,Niš
TXN-10365,2025-12-10 20:00:00,CAT_ELEC-501,$26.0,10.0,1.5,31.0,Kragujevac
TXN-10366,2025-11-17 09:00:00,CAT_BEAUTY-212,460.95,5.0,1.7,66.0,Zrenjanin
TXN-10367,2025-02-07 15:00:00,CAT_CLOTH-396,$267.31,1.0,2.7,50.0,Novi Sad
TXN-10368,2025-05-12 15:00:00,CAT_BOOKS-875,,4.0,3.2,32.0,Beograd
TXN-10369,2025-06-13 18:00:00,CAT_CLOTH-443, $464.67 ,1.0,2.5,59.0,Zrenjanin
TXN-10370,2025-05-07 08:00:00,CAT_CLOTH-350,,1.0,4.3,50.0,Novi Sad
TXN-10371,2025-07-29 23:00:00,CAT_BOOKS-578,457.42,2.0,2.0,53.0,Subotica
TXN-10372,2025-04-17 12:00:00,CAT_ELEC-174,435.31$,1.0,2.8,45.0,Novi Sad
TXN-10373,2025-09-24 22:00:00,CAT_BOOKS-801, $481.3 ,1.0,4.5,53.0,Kragujevac
TXN-10374,2025-07-10 03:00:00,CAT_CLOTH-374,$167.78,1.0,2.1,31.0,
TXN-10375,NEVAŽEĆI_DATUM,CAT_HOME-356, $347.75 ,5.0,4.5,25.0,Zrenjanin
TXN-10376,2025-11-21 12:00:00,CAT_ELEC-972,,1.0,2.1,64.0,Novi Sad
TXN-10377,2025-06-02 10:00:00,CAT_BOOKS-517, $254.35 ,2.0,2.0,49.0,Beograd
TXN-10378,2025-04-16 23:00:00,CAT_CLOTH-257,283.14$,4.0,4.3,29.0,Beograd
TXN-10379,2025-05-03 02:00:00,CAT_ELEC-804,$252.99,2.0,4.3,42.0,Beograd
TXN-10380,2025-02-03 21:00:00,CAT_BEAUTY-254,$387.35,1.0,,24.0,Beograd
TXN-10381,2025-11-10 07:00:00,CAT_ELEC-257,412.82,1.0,4.5,45.0,Beograd
TXN-10382,2025-11-14 01:00:00,CAT_CLOTH-439,$309.33,1.0,1.9,52.0,Subotica
TXN-10383,2025-06-29 05:00:00,CAT_CLOTH-379,$109.69,3.0,2.4,27.0,Zrenjanin
TXN-10384,2025-08-18 05:00:00,CAT_HOME-313,$173.57,2.0,2.6,28.0,Novi Sad
TXN-10385,2025-05-22 23:00:00,CAT_ELEC-509,459.3$,1.0,3.2,44.0,Subotica
TXN-10386,2025-03-14 17:00:00,CAT_BOOKS-205, $393.06 ,2.0,4.1,48.0,Zrenjanin
TXN-10387,2025-06-25 23:00:00,CAT_HOME-105,429.76$,1.0,2.5,37.0,Niš
TXN-10388,2025-09-09 16:00:00,CAT_BEAUTY-536,$499.2,2.0,3.6,21.0,Zrenjanin
TXN-10389,2025-06-01 09:00:00,CAT_HOME-662,74.65$,3.0,1.7,52.0,Subotica
TXN-10390,NEVAŽEĆI_DATUM,CAT_BEAUTY-704,315.23,2.0,1.7,20.0,Beograd
TXN-10391,2025-07-28 18:00:00,CAT_CLOTH-739,,1.0,4.2,51.0,
TXN-10392,2025-07-11 19:00:00,CAT_ELEC-365,79.11,1.0,3.5,49.0,Niš
TXN-10393,2025-05-06 18:00:00,CAT_BOOKS-435, $51.13 ,2.0,4.8,43.0,Novi Sad
TXN-10394,2025-12-14 01:00:00,CAT_BOOKS-444,84.42,1.0,4.5,36.0,Subotica
TXN-10395,2025-07-26 08:00:00,CAT_ELEC-391,$144.99,1.0,3.7,38.0,Novi Sad
TXN-10396,2025-03-18 19:00:00,CAT_BOOKS-480, $442.72 ,1.0,4.5,61.0,Niš
TXN-10397,2025-10-19 03:00:00,CAT_CLOTH-836,26.68$,4.0,4.2,25.0,Novi Sad
TXN-10398,2025-05-09 10:00:00,CAT_ELEC-449,$488.63,2.0,4.7,58.0,Zrenjanin
TXN-10399,2025-06-01 14:00:00,CAT_ELEC-473,355.02,2.0,2.0,60.0,Novi Sad
TXN-10400,2025-12-31 21:00:00,CAT_HOME-814,363.6$,5.0,3.0,34.0,Subotica
TXN-10401,2025-03-04 10:00:00,CAT_HOME-247,442.75$,4.0,3.6,24.0,Niš
TXN-10402,2025-06-06 21:00:00,CAT_ELEC-755,480.6$,1.0,3.7,23.0,Beograd
TXN-10403,2025-11-29 22:00:00,CAT_HOME-949,393.23$,1.0,3.7,58.0,Subotica
TXN-10404,2025-10-28 03:00:00,CAT_HOME-403,476.25,5.0,1.8,62.0,Beograd
TXN-10405,2025-04-07 04:00:00,CAT_HOME-853,60.4$,1.0,2.5,26.0,Novi Sad
TXN-10406,2025-09-10 11:00:00,CAT_BEAUTY-219,440.33$,2.0,1.8,65.0,Zrenjanin
TXN-10407,2025-09-04 02:00:00,CAT_CLOTH-255, $337.11 ,1.0,3.1,31.0,
TXN-10408,2025-08-24 11:00:00,CAT_BEAUTY-342,305.44$,1.0,3.9,38.0,Novi Sad
TXN-10409,2025-11-17 12:00:00,CAT_ELEC-712,55.07,1.0,2.4,54.0,Subotica
TXN-10410,2025-01-18 08:00:00,CAT_HOME-948,$215.03,2.0,4.7,68.0,Kragujevac
TXN-10411,2025-02-15 12:00:00,CAT_HOME-208,118.34$,1.0,4.5,38.0,Beograd
TXN-10412,2025-09-30 16:00:00,CAT_ELEC-583,167.56$,2.0,3.3,53.0,Beograd
TXN-10413,2025-12-09 11:00:00,CAT_HOME-617,313.79,1.0,3.9,32.0,Kragujevac
TXN-10414,2025-01-21 13:00:00,CAT_HOME-198,230.44$,4.0,3.7,29.0,Subotica
TXN-10415,2025-05-29 16:00:00,CAT_HOME-595, $367.17 ,4.0,1.3,35.0,Novi Sad
TXN-10416,2025-12-28 18:00:00,CAT_ELEC-794,81.42$,1.0,1.4,51.0,Novi Sad
TXN-10417,2025-12-19 23:00:00,CAT_BOOKS-273, $219.65 ,2.0,5.0,50.0,Novi Sad
TXN-10418,2025-11-30 21:00:00,CAT_ELEC-876,143.44,2.0,1.5,23.0,Beograd
TXN-10419,2025-04-26 18:00:00,CAT_ELEC-952,$413.66,1.0,1.5,67.0,Beograd
TXN-10420,2025-09-11 14:00:00,CAT_HOME-769, $312.45 ,2.0,2.3,39.0,Beograd
TXN-10421,2025-03-27 00:00:00,CAT_BEAUTY-584,$131.67,1.0,2.0,68.0,Niš
TXN-10422,2025-01-02 03:00:00,CAT_CLOTH-246, $446.48 ,1.0,3.9,63.0,Zrenjanin
TXN-10423,2025-07-22 10:00:00,CAT_HOME-823,$425.8,1.0,1.1,30.0,Kragujevac
TXN-10424,2025-01-13 20:00:00,CAT_BOOKS-568, $436.9 ,3.0,3.5,24.0,Beograd
TXN-10425,2025-12-15 04:00:00,CAT_CLOTH-434,120.62$,1.0,3.6,40.0,Subotica
TXN-10426,2025-04-16 17:00:00,CAT_CLOTH-512,$76.08,1.0,3.3,32.0,Novi Sad
TXN-10427,2025-08-22 22:00:00,CAT_CLOTH-513,,2.0,3.7,30.0,Novi Sad
TXN-10428,2025-03-17 13:00:00,CAT_BOOKS-538,$203.89,2.0,1.2,25.0,Niš
TXN-10429,2025-03-29 02:00:00,CAT_HOME-780, $135.09 ,4.0,2.9,23.0,Kragujevac
TXN-10430,2025-07-17 23:00:00,CAT_ELEC-941,$24.15,2.0,4.0,64.0,Zrenjanin
TXN-10431,2025-11-08 22:00:00,CAT_ELEC-267,265.72$,2.0,3.6,38.0,Zrenjanin
TXN-10432,2025-09-27 15:00:00,CAT_BOOKS-677, $229.26 ,2.0,2.2,39.0,Subotica
TXN-10433,2025-07-06 11:00:00,CAT_BOOKS-573, $31.28 ,10.0,2.9,24.0,Novi Sad
TXN-10434,2025-02-07 22:00:00,CAT_BEAUTY-322,$166.37,1.0,1.8,27.0,Zrenjanin
TXN-10435,2025-11-01 05:00:00,CAT_BOOKS-732,343.21,1.0,3.2,46.0,Beograd
TXN-10436,2025-09-17 09:00:00,CAT_BEAUTY-213,338.02,1.0,3.0,57.0,Beograd
TXN-10437,2025-11-26 11:00:00,CAT_ELEC-140,,2.0,1.6,45.0,Niš
TXN-10438,2025-01-31 05:00:00,CAT_HOME-254,$45.14,3.0,4.5,20.0,Novi Sad
TXN-10439,2025-08-12 06:00:00,CAT_BOOKS-960,,1.0,4.9,49.0,Beograd
TXN-10440,2025-10-15 00:00:00,CAT_CLOTH-240,469.43,1.0,4.4,50.0,Kragujevac
TXN-10441,2025-01-18 15:00:00,CAT_CLOTH-452, $14.66 ,3.0,,48.0,Niš
TXN-10442,2025-06-29 15:00:00,CAT_CLOTH-940,299.41$,1.0,2.1,23.0,Zrenjanin
TXN-10443,2025-05-29 13:00:00,CAT_HOME-107,,1.0,4.0,22.0,Zrenjanin
TXN-10444,2025-08-13 22:00:00,CAT_ELEC-662,366.21$,1.0,1.9,42.0,Kragujevac
TXN-10445,2025-10-09 19:00:00,CAT_BEAUTY-271,33.71,3.0,4.2,58.0,Kragujevac
TXN-10446,2025-08-14 04:00:00,CAT_CLOTH-640,,1.0,1.7,69.0,
TXN-10447,2025-08-26 23:00:00,CAT_HOME-436,112.48,2.0,3.8,22.0,Niš
TXN-10448,2025-06-18 22:00:00,CAT_HOME-794, $377.18 ,1.0,1.1,38.0,Kragujevac
TXN-10449,2025-04-18 06:00:00,CAT_BEAUTY-850,414.39$,1.0,1.4,28.0,Niš
TXN-10450,2025-02-04 19:00:00,CAT_HOME-943,292.51,2.0,1.5,55.0,Kragujevac
TXN-10451,,CAT_CLOTH-477,$177.72,1.0,4.6,53.0,Subotica
TXN-10452,2025-04-18 17:00:00,CAT_HOME-925,477.6$,2.0,4.2,62.0,Niš
TXN-10453,2025-10-08 12:00:00,CAT_BOOKS-144,356.3,1.0,4.6,31.0,Kragujevac
TXN-10454,2025-05-09 00:00:00,CAT_BEAUTY-648,,1.0,4.0,69.0,Novi Sad
TXN-10455,2025-09-13 03:00:00,CAT_ELEC-378,218.51,1.0,4.6,19.0,Subotica
TXN-10456,2025-06-12 01:00:00,CAT_BEAUTY-353, $22.34 ,4.0,2.1,45.0,Zrenjanin
TXN-10457,2025-02-07 02:00:00,CAT_HOME-237,12.73,5.0,2.3,34.0,Subotica
TXN-10458,2025-11-22 19:00:00,CAT_HOME-872,154.08$,1.0,1.8,45.0,Subotica
TXN-10459,2025-09-27 21:00:00,CAT_BEAUTY-140,$132.55,3.0,1.7,52.0,Beograd
TXN-10460,2025-07-15 23:00:00,CAT_HOME-199,134.07$,4.0,3.5,28.0,Beograd
TXN-10461,2025-10-22 08:00:00,CAT_ELEC-440,227.5$,2.0,1.4,39.0,Beograd
TXN-10462,2025-07-28 10:00:00,CAT_BOOKS-356,150.02$,2.0,1.4,46.0,Novi Sad
TXN-10463,2025-12-27 05:00:00,CAT_HOME-547, $370.41 ,2.0,4.8,59.0,Kragujevac
TXN-10464,2025-06-24 09:00:00,CAT_HOME-658,17.18$,4.0,4.9,31.0,Subotica
TXN-10465,2025-04-28 21:00:00,CAT_CLOTH-855,$171.94,2.0,1.3,60.0,Niš
TXN-10466,2025-09-21 01:00:00,CAT_BOOKS-797, $13.81 ,1.0,3.0,29.0,Kragujevac
TXN-10467,2025-07-15 19:00:00,CAT_ELEC-976,$372.64,1.0,1.1,44.0,Niš
TXN-10468,2025-09-17 06:00:00,CAT_ELEC-990, $137.95 ,1.0,2.4,57.0,Kragujevac
TXN-10469,2025-01-06 23:00:00,CAT_BOOKS-381,$91.17,1.0,1.5,48.0,Novi Sad
TXN-10470,2025-06-17 10:00:00,CAT_CLOTH-258,500.0$,1.0,1.1,55.0,Beograd
TXN-10471,2025-01-21 18:00:00,CAT_HOME-738,463.06$,2.0,2.7,61.0,Zrenjanin
TXN-10472,2025-02-11 14:00:00,CAT_BEAUTY-775, $262.45 ,2.0,1.9,59.0,Beograd
TXN-10473,2025-08-15 07:00:00,CAT_HOME-755,403.07$,1.0,2.9,65.0,Subotica
TXN-10474,2025-11-24 12:00:00,CAT_BOOKS-420,367.88$,1.0,2.2,53.0,Beograd
TXN-10475,2025-04-26 02:00:00,CAT_CLOTH-204, $185.04 ,1.0,1.2,58.0,Zrenjanin
TXN-10476,2025-07-01 12:00:00,CAT_BEAUTY-431,110.3,2.0,3.2,36.0,Novi Sad
TXN-10477,2025-04-10 10:00:00,CAT_BEAUTY-862,68.6,1.0,2.8,35.0,Kragujevac
TXN-10478,2025-03-28 04:00:00,CAT_CLOTH-444,$373.8,2.0,4.2,39.0,Kragujevac
TXN-10479,2025-10-03 02:00:00,CAT_ELEC-867,431.73,1.0,4.0,36.0,Zrenjanin
TXN-10480,2025-02-01 05:00:00,CAT_CLOTH-854,59.66,1.0,3.1,37.0,Novi Sad
TXN-10481,2025-09-02 23:00:00,CAT_BOOKS-730,$262.83,1.0,1.5,36.0,Niš
TXN-10482,,CAT_BEAUTY-606,153.45,1.0,3.6,20.0,Beograd
TXN-10483,2025-12-18 06:00:00,CAT_BOOKS-966,$424.79,1.0,2.4,37.0,Niš
TXN-10484,2025-05-12 12:00:00,CAT_CLOTH-877,109.66,2.0,3.2,50.0,Kragujevac
TXN-10485,2025-12-20 14:00:00,CAT_BOOKS-414,,2.0,3.4,30.0,Beograd
TXN-10486,2025-12-04 18:00:00,CAT_CLOTH-136,35.53,1.0,4.7,38.0,Zrenjanin
TXN-10487,2025-06-07 23:00:00,CAT_CLOTH-367,237.77,1.0,3.5,59.0,Kragujevac
TXN-10488,2025-12-13 12:00:00,CAT_ELEC-681,$350.59,1.0,4.6,40.0,Novi Sad
TXN-10489,NEVAŽEĆI_DATUM,CAT_CLOTH-188,328.61,1.0,2.5,24.0,Zrenjanin
TXN-10490,2025-03-26 13:00:00,CAT_ELEC-878, $237.67 ,1.0,3.6,62.0,Niš
TXN-10491,2025-11-29 16:00:00,CAT_ELEC-724,231.56,1.0,4.2,67.0,Novi Sad
TXN-10492,2025-06-04 10:00:00,CAT_HOME-225,287.4$,4.0,3.5,62.0,Subotica
TXN-10493,2025-11-20 06:00:00,CAT_BEAUTY-358, $144.06 ,2.0,4.0,30.0,Subotica
TXN-10494,2025-12-15 06:00:00,CAT_ELEC-215,375.35$,3.0,3.3,38.0,Subotica
TXN-10495,2025-09-02 16:00:00,CAT_ELEC-611,266.04$,1.0,3.6,51.0,Subotica
TXN-10496,2025-12-27 15:00:00,CAT_BOOKS-858,151.67$,1.0,4.6,41.0,Kragujevac
TXN-10497,2025-07-16 17:00:00,CAT_ELEC-119, $465.87 ,1.0,3.3,35.0,Beograd
TXN-10498,2025-09-03 13:00:00,CAT_HOME-762,128.85,4.0,2.3,43.0,Zrenjanin
TXN-10499,,CAT_BOOKS-962,51.52,1.0,1.4,49.0,Beograd
TXN-10500,2025-06-28 07:00:00,CAT_HOME-927, $56.31 ,1.0,2.0,40.0,Niš
TXN-10501,2025-01-18 03:00:00,CAT_CLOTH-198,134.81$,1.0,4.4,28.0,Zrenjanin
TXN-10502,2025-09-16 23:00:00,CAT_ELEC-314,67.05,1.0,3.2,45.0,Beograd
TXN-10503,2025-12-17 21:00:00,CAT_BOOKS-227,230.28,1.0,2.3,57.0,Zrenjanin
TXN-10504,2025-09-25 02:00:00,CAT_ELEC-977,250.04,2.0,1.9,53.0,Subotica
TXN-10505,2025-04-21 02:00:00,CAT_ELEC-349,273.57,1.0,2.1,35.0,Novi Sad
TXN-10506,2025-10-09 05:00:00,CAT_HOME-959,312.6$,2.0,4.8,54.0,Kragujevac
TXN-10507,2025-10-17 04:00:00,CAT_HOME-237, $234.9 ,2.0,1.0,62.0,Niš
TXN-10508,2025-03-15 07:00:00,CAT_CLOTH-133,342.12,2.0,4.2,30.0,Niš
TXN-10509,NEVAŽEĆI_DATUM,CAT_HOME-583, $116.01 ,1.0,2.5,21.0,Beograd
TXN-10510,2025-09-23 18:00:00,CAT_BEAUTY-755, $416.03 ,3.0,1.1,24.0,Niš
TXN-10511,2025-08-06 15:00:00,CAT_HOME-953,365.9,2.0,2.2,25.0,Beograd
TXN-10512,2025-07-23 00:00:00,CAT_ELEC-265, $385.77 ,1.0,3.1,49.0,Niš
TXN-10513,2025-08-31 13:00:00,CAT_BEAUTY-763,253.03,1.0,5.0,21.0,Beograd
TXN-10514,2025-05-26 15:00:00,CAT_BOOKS-259,246.61$,1.0,2.1,42.0,Zrenjanin
TXN-10515,2025-01-16 04:00:00,CAT_BEAUTY-915,190.46$,1.0,1.5,66.0,Zrenjanin
TXN-10516,2025-12-04 09:00:00,CAT_ELEC-567, $201.5 ,1.0,4.4,43.0,Kragujevac
TXN-10517,2025-05-20 01:00:00,CAT_BOOKS-553,461.65$,2.0,4.3,50.0,Niš
TXN-10518,2025-11-01 04:00:00,CAT_BOOKS-618,$472.46,1.0,1.8,55.0,Beograd
TXN-10519,2025-02-15 22:00:00,CAT_HOME-107,$317.45,2.0,1.5,58.0,Beograd
TXN-10520,2025-10-11 13:00:00,CAT_HOME-258,354.16$,4.0,3.8,33.0,Zrenjanin
TXN-10521,2025-02-10 05:00:00,CAT_BOOKS-556,22.59$,1.0,1.9,19.0,Novi Sad
TXN-10522,2025-04-18 17:00:00,CAT_HOME-162, $138.31 ,4.0,3.3,24.0,Subotica
TXN-10523,2025-06-21 21:00:00,CAT_ELEC-188,$301.85,1.0,3.5,25.0,Subotica
TXN-10524,2025-02-21 13:00:00,CAT_BOOKS-555,107.3$,2.0,1.5,54.0,Niš
TXN-10525,NEVAŽEĆI_DATUM,CAT_ELEC-570, $266.47 ,3.0,4.3,19.0,Kragujevac
TXN-10526,2025-11-11 11:00:00,CAT_BEAUTY-340, $67.78 ,1.0,5.0,20.0,Kragujevac
TXN-10527,2025-10-01 13:00:00,CAT_BEAUTY-990,304.24$,1.0,2.8,26.0,Subotica
TXN-10528,,CAT_BOOKS-800, $48.22 ,1.0,2.2,24.0,Niš
TXN-10529,2025-11-12 19:00:00,CAT_ELEC-973,336.62,1.0,2.8,38.0,Kragujevac
TXN-10530,2025-10-10 18:00:00,CAT_BEAUTY-772,$184.53,2.0,3.8,48.0,Zrenjanin
TXN-10531,2025-10-29 23:00:00,CAT_BOOKS-974,478.47,1.0,2.4,66.0,Kragujevac
TXN-10532,2025-03-26 23:00:00,CAT_BEAUTY-200,137.33$,2.0,4.3,48.0,Zrenjanin
TXN-10533,2025-01-25 18:00:00,CAT_BEAUTY-674,156.82$,2.0,2.6,37.0,Subotica
TXN-10534,2025-01-26 05:00:00,CAT_CLOTH-974,474.84$,1.0,4.0,45.0,Kragujevac
TXN-10535,2025-07-26 09:00:00,CAT_BEAUTY-576, $292.36 ,1.0,2.0,18.0,Novi Sad
TXN-10536,2025-01-17 07:00:00,CAT_BEAUTY-982, $394.72 ,2.0,1.2,29.0,Novi Sad
TXN-10537,,CAT_HOME-355,26.68$,1.0,4.4,64.0,Niš
TXN-10538,2025-10-03 14:00:00,CAT_HOME-864,16.18$,1.0,3.7,68.0,Subotica
TXN-10539,NEVAŽEĆI_DATUM,CAT_CLOTH-676,$185.5,2.0,4.6,66.0,Kragujevac
TXN-10540,2025-03-13 12:00:00,CAT_BOOKS-476,$360.54,1.0,4.7,25.0,Novi Sad
TXN-10541,2025-10-22 22:00:00,CAT_CLOTH-825,$271.66,1.0,3.3,67.0,Kragujevac
TXN-10542,2025-03-10 10:00:00,CAT_BOOKS-502,19.53$,1.0,4.7,22.0,Subotica
TXN-10543,2025-02-11 17:00:00,CAT_HOME-937,12.21,3.0,2.4,50.0,Novi Sad
TXN-10544,2025-07-19 20:00:00,CAT_BEAUTY-938,303.1,1.0,1.9,21.0,Novi Sad
TXN-10545,2025-01-26 07:00:00,CAT_CLOTH-244,431.25$,3.0,,26.0,Kragujevac
TXN-10546,2025-01-12 21:00:00,CAT_HOME-225, $88.74 ,10.0,3.4,49.0,Beograd
TXN-10547,2025-01-26 21:00:00,CAT_HOME-695,93.77$,2.0,4.6,56.0,Subotica
TXN-10548,2025-03-05 13:00:00,CAT_BEAUTY-554,$217.68,4.0,4.6,43.0,Niš
TXN-10549,NEVAŽEĆI_DATUM,CAT_CLOTH-639,126.71$,2.0,2.2,53.0,Niš
TXN-10550,2025-07-25 05:00:00,CAT_BOOKS-566, $408.69 ,1.0,2.5,27.0,Zrenjanin
TXN-10551,2025-03-24 00:00:00,CAT_HOME-502,,1.0,2.3,61.0,Novi Sad
TXN-10552,2025-01-12 00:00:00,CAT_CLOTH-767,156.32$,1.0,2.5,32.0,Zrenjanin
TXN-10553,NEVAŽEĆI_DATUM,CAT_ELEC-125,$258.83,1.0,4.6,30.0,Subotica
TXN-10554,,CAT_HOME-455,93.04$,4.0,3.9,28.0,Novi Sad
TXN-10555,2025-09-07 08:00:00,CAT_BEAUTY-853,366.97$,1.0,1.6,22.0,Niš
TXN-10556,2025-04-10 02:00:00,CAT_BEAUTY-566,$344.5,2.0,1.4,19.0,Novi Sad
TXN-10557,2025-08-06 14:00:00,CAT_BEAUTY-585,$29.85,1.0,2.7,37.0,Beograd
TXN-10558,2025-11-07 17:00:00,CAT_BEAUTY-105,$220.41,1.0,4.8,32.0,Beograd
TXN-10559,2025-08-13 04:00:00,CAT_BOOKS-254,$400.61,3.0,4.5,53.0,Subotica
TXN-10560,2025-12-29 03:00:00,CAT_CLOTH-712, $248.06 ,3.0,4.5,69.0,Beograd
TXN-10561,2025-01-01 03:00:00,CAT_ELEC-225,$223.71,1.0,2.9,24.0,Niš
TXN-10562,2025-05-24 08:00:00,CAT_BOOKS-608,$154.83,1.0,2.7,40.0,Niš
TXN-10563,NEVAŽEĆI_DATUM,CAT_BOOKS-181, $129.56 ,3.0,1.8,26.0,Novi Sad
TXN-10564,2025-02-28 18:00:00,CAT_BEAUTY-319,289.34,3.0,,42.0,Beograd
TXN-10565,2025-03-13 00:00:00,CAT_CLOTH-405,265.52,1.0,2.1,53.0,Kragujevac
TXN-10566,2025-04-14 14:00:00,CAT_ELEC-525,$20.96,1.0,4.9,36.0,Zrenjanin
TXN-10567,2025-11-27 23:00:00,CAT_ELEC-575,$172.19,3.0,3.1,53.0,Subotica
TXN-10568,2025-01-27 04:00:00,CAT_BEAUTY-806,$242.15,1.0,1.6,22.0,Subotica
TXN-10569,2025-06-21 20:00:00,CAT_BEAUTY-720, $153.95 ,4.0,4.3,55.0,Beograd
TXN-10570,2025-05-01 15:00:00,CAT_BEAUTY-783,171.23$,1.0,3.1,18.0,Kragujevac
TXN-10571,,CAT_ELEC-729,465.94,2.0,3.8,31.0,Niš
TXN-10572,2025-10-05 22:00:00,CAT_CLOTH-990,415.61,2.0,2.7,52.0,Novi Sad
TXN-10573,2025-12-09 20:00:00,CAT_HOME-374,42.32$,2.0,3.9,46.0,Novi Sad
TXN-10574,2025-06-28 17:00:00,CAT_HOME-980,369.65,2.0,2.6,52.0,Kragujevac
TXN-10575,2025-08-12 19:00:00,CAT_HOME-419, $265.4 ,1.0,4.9,64.0,Beograd
TXN-10576,2025-01-22 18:00:00,CAT_ELEC-523, $423.42 ,1.0,1.4,64.0,Beograd
TXN-10577,2025-07-04 05:00:00,CAT_ELEC-177, $368.64 ,1.0,1.5,58.0,Zrenjanin
TXN-10578,2025-07-23 22:00:00,CAT_ELEC-522,$97.23,1.0,3.9,29.0,Kragujevac
TXN-10579,2025-02-18 21:00:00,CAT_CLOTH-606,$190.23,2.0,2.0,49.0,Beograd
TXN-10580,2025-05-18 00:00:00,CAT_BEAUTY-564,499.01,1.0,4.2,31.0,Beograd
TXN-10581,NEVAŽEĆI_DATUM,CAT_ELEC-945,$352.87,1.0,2.8,45.0,Niš
TXN-10582,2025-02-06 15:00:00,CAT_HOME-204,186.21,2.0,3.2,20.0,Niš
TXN-10583,2025-12-29 02:00:00,CAT_BEAUTY-629,$173.38,3.0,1.7,58.0,Novi Sad
TXN-10584,2025-12-04 08:00:00,CAT_BEAUTY-162,$161.78,1.0,4.6,21.0,Beograd
TXN-10585,2025-07-08 14:00:00,CAT_BEAUTY-802,36.41,2.0,1.6,47.0,Niš
TXN-10586,2025-05-23 06:00:00,CAT_BEAUTY-954,485.57,2.0,3.2,36.0,Novi Sad
TXN-10587,2025-01-10 12:00:00,CAT_BOOKS-844,224.57$,1.0,4.2,37.0,Niš
TXN-10588,2025-09-01 11:00:00,CAT_ELEC-448,$114.53,2.0,1.2,28.0,Zrenjanin
TXN-10589,2025-11-15 21:00:00,CAT_BOOKS-218,91.29,1.0,4.7,58.0,Niš
TXN-10590,2025-03-10 22:00:00,CAT_BEAUTY-875,44.45,2.0,3.9,34.0,Kragujevac
TXN-10591,2025-11-23 09:00:00,CAT_CLOTH-776,333.45$,1.0,4.4,30.0,Subotica
TXN-10592,2025-06-11 10:00:00,CAT_BEAUTY-159,$424.55,2.0,2.0,46.0,
TXN-10593,2025-12-16 07:00:00,CAT_CLOTH-588, $452.63 ,1.0,1.4,23.0,Novi Sad
TXN-10594,,CAT_ELEC-442, $153.84 ,2.0,3.8,65.0,Niš
TXN-10595,2025-02-28 17:00:00,CAT_ELEC-693,437.35,1.0,,23.0,Novi Sad
TXN-10596,2025-05-10 23:00:00,CAT_BEAUTY-635,159.12,2.0,4.2,68.0,Beograd
TXN-10597,2025-12-03 05:00:00,CAT_HOME-461, $414.63 ,2.0,2.5,27.0,Zrenjanin
TXN-10598,2025-11-30 20:00:00,CAT_HOME-333,461.97,1.0,3.5,25.0,Novi Sad
TXN-10599,2025-07-10 15:00:00,CAT_CLOTH-428,$135.32,10.0,2.7,54.0,Novi Sad
TXN-10600,2025-09-02 17:00:00,CAT_BEAUTY-510,$247.99,1.0,3.3,20.0,Novi Sad
TXN-10601,2025-02-17 23:00:00,CAT_BEAUTY-780, $420.44 ,1.0,3.8,52.0,Zrenjanin
TXN-10602,2025-02-19 03:00:00,CAT_CLOTH-594, $289.53 ,1.0,4.8,49.0,Novi Sad
TXN-10603,2025-07-31 20:00:00,CAT_BOOKS-126,$150.9,4.0,2.5,31.0,Niš
TXN-10604,2025-05-20 04:00:00,CAT_BEAUTY-297,$475.07,4.0,3.0,22.0,Niš
TXN-10605,2025-01-01 18:00:00,CAT_BOOKS-959,15.42$,1.0,3.7,55.0,Niš
TXN-10606,2025-05-10 01:00:00,CAT_HOME-454,$29.13,5.0,2.3,61.0,Novi Sad
TXN-10607,2025-12-27 03:00:00,CAT_ELEC-719,345.69$,1.0,2.0,54.0,Niš
TXN-10608,2025-10-07 00:00:00,CAT_BOOKS-420,$332.12,2.0,2.2,61.0,Subotica
TXN-10609,2025-04-23 11:00:00,CAT_BEAUTY-378,$481.54,2.0,3.2,40.0,Subotica
TXN-10610,2025-09-03 00:00:00,CAT_CLOTH-708,488.73,2.0,4.7,47.0,Novi Sad
TXN-10611,2025-09-13 09:00:00,CAT_HOME-811,166.65,2.0,3.0,47.0,Novi Sad
TXN-10612,2025-04-01 06:00:00,CAT_BOOKS-418,254.1$,1.0,1.0,37.0,Zrenjanin
TXN-10613,2025-02-08 20:00:00,CAT_ELEC-427,$205.29,1.0,1.6,37.0,Novi Sad
TXN-10614,2025-06-24 20:00:00,CAT_BOOKS-572, $211.31 ,2.0,4.4,25.0,Subotica
TXN-10615,2025-07-14 07:00:00,CAT_BOOKS-547,$314.0,1.0,4.4,41.0,Beograd
TXN-10616,2025-12-25 17:00:00,CAT_HOME-432,63.02$,5.0,2.1,40.0,Novi Sad
TXN-10617,2025-10-02 09:00:00,CAT_ELEC-953, $124.56 ,1.0,3.6,28.0,Subotica
TXN-10618,2025-08-08 20:00:00,CAT_BEAUTY-514,62.44$,1.0,1.9,22.0,Niš
TXN-10619,2025-11-09 17:00:00,CAT_BEAUTY-543,,3.0,2.9,51.0,Beograd
TXN-10620,2025-09-28 21:00:00,CAT_HOME-740,264.3$,1.0,4.3,48.0,Beograd
TXN-10621,2025-07-07 15:00:00,CAT_BEAUTY-423, $408.24 ,2.0,2.6,57.0,Novi Sad
TXN-10622,2025-02-02 20:00:00,CAT_CLOTH-726,141.64$,2.0,1.4,59.0,Zrenjanin
TXN-10623,2025-09-23 02:00:00,CAT_ELEC-153, $252.96 ,1.0,2.1,27.0,Beograd
TXN-10624,2025-03-31 18:00:00,CAT_HOME-370, $435.33 ,4.0,3.2,40.0,Novi Sad
TXN-10625,2025-01-08 21:00:00,CAT_ELEC-344,478.97$,1.0,4.5,63.0,Kragujevac
TXN-10626,2025-06-01 20:00:00,CAT_ELEC-425,$64.72,2.0,1.7,62.0,Beograd
TXN-10627,2025-05-01 18:00:00,CAT_BOOKS-194,127.98$,1.0,2.9,35.0,Novi Sad
TXN-10628,2025-05-16 17:00:00,CAT_BEAUTY-902,$254.95,4.0,4.0,20.0,Niš
TXN-10629,2025-05-05 08:00:00,CAT_HOME-503, $446.09 ,3.0,3.7,53.0,Zrenjanin
TXN-10630,2025-11-08 14:00:00,CAT_ELEC-668,405.34,1.0,4.7,26.0,Novi Sad
TXN-10631,2025-08-17 10:00:00,CAT_ELEC-772,89.84,1.0,3.2,36.0,Zrenjanin
TXN-10632,2025-08-06 14:00:00,CAT_BOOKS-397,$186.48,4.0,2.6,50.0,Zrenjanin
TXN-10633,2025-08-20 19:00:00,CAT_HOME-560,$470.03,1.0,2.0,26.0,Zrenjanin
TXN-10634,2025-08-14 14:00:00,CAT_ELEC-578, $294.17 ,1.0,1.2,19.0,Zrenjanin
TXN-10635,2025-10-07 21:00:00,CAT_ELEC-254,$458.34,1.0,1.5,45.0,Novi Sad
TXN-10636,2025-05-27 05:00:00,CAT_BOOKS-597, $457.92 ,1.0,4.9,35.0,Zrenjanin
TXN-10637,2025-03-05 20:00:00,CAT_BOOKS-587, $321.85 ,1.0,4.1,68.0,Subotica
TXN-10638,2025-11-07 14:00:00,CAT_HOME-726, $412.54 ,1.0,5.0,33.0,Kragujevac
TXN-10639,NEVAŽEĆI_DATUM,CAT_ELEC-853,370.23$,1.0,1.8,46.0,Zrenjanin
TXN-10640,2025-12-02 23:00:00,CAT_ELEC-338, $152.94 ,3.0,3.0,59.0,
TXN-10641,2025-05-13 10:00:00,CAT_ELEC-321,250.92$,2.0,1.7,31.0,Kragujevac
TXN-10642,NEVAŽEĆI_DATUM,CAT_BOOKS-202, $83.69 ,1.0,4.4,18.0,Niš
TXN-10643,NEVAŽEĆI_DATUM,CAT_HOME-284,59.37$,1.0,4.6,19.0,Subotica
TXN-10644,2025-07-27 03:00:00,CAT_HOME-163, $126.58 ,3.0,3.4,29.0,Beograd
TXN-10645,2025-06-10 21:00:00,CAT_ELEC-175,,1.0,3.6,40.0,Kragujevac
TXN-10646,2025-07-22 23:00:00,CAT_BOOKS-950,85.98$,1.0,2.0,18.0,Beograd
TXN-10647,2025-06-20 11:00:00,CAT_BOOKS-605,85.83,3.0,4.2,59.0,Niš
TXN-10648,2025-01-20 09:00:00,CAT_CLOTH-193, $155.14 ,1.0,1.2,53.0,Subotica
TXN-10649,2025-01-17 13:00:00,CAT_CLOTH-597,66.9,2.0,3.7,56.0,Subotica
TXN-10650,2025-08-13 00:00:00,CAT_BOOKS-590,368.89$,1.0,,31.0,Beograd
TXN-10651,,CAT_ELEC-339,94.3$,1.0,3.7,49.0,Zrenjanin
TXN-10652,2025-01-29 13:00:00,CAT_BOOKS-675,465.28$,1.0,4.7,65.0,Novi Sad
TXN-10653,2025-05-09 19:00:00,CAT_BOOKS-248,39.54,1.0,1.3,67.0,Beograd
TXN-10654,2025-05-04 22:00:00,CAT_ELEC-805,474.85$,4.0,2.3,44.0,Novi Sad
TXN-10655,2025-04-05 21:00:00,CAT_CLOTH-420,72.62,4.0,2.4,50.0,Novi Sad
TXN-10656,2025-08-08 09:00:00,CAT_ELEC-615,344.17,2.0,4.7,25.0,Zrenjanin
TXN-10657,2025-07-21 09:00:00,CAT_ELEC-211, $346.0 ,1.0,3.9,56.0,Zrenjanin
TXN-10658,2025-06-19 18:00:00,CAT_ELEC-573, $260.78 ,2.0,5.0,49.0,Subotica
TXN-10659,NEVAŽEĆI_DATUM,CAT_CLOTH-805,$317.38,1.0,3.4,37.0,Kragujevac
TXN-10660,2025-07-27 17:00:00,CAT_BOOKS-270,333.59$,1.0,4.7,42.0,Zrenjanin
TXN-10661,NEVAŽEĆI_DATUM,CAT_ELEC-130, $497.14 ,1.0,1.0,45.0,Novi Sad
TXN-10662,2025-08-14 14:00:00,CAT_HOME-131,$107.11,1.0,4.9,31.0,Niš
TXN-10663,2025-06-24 13:00:00,CAT_BEAUTY-529,$21.7,2.0,1.5,52.0,Subotica
TXN-10664,2025-03-25 10:00:00,CAT_ELEC-102,453.94,1.0,3.5,36.0,Beograd
TXN-10665,2025-03-20 21:00:00,CAT_BEAUTY-889,,2.0,2.1,38.0,Kragujevac
TXN-10666,2025-05-03 22:00:00,CAT_BEAUTY-681,$451.89,1.0,3.3,55.0,Kragujevac
TXN-10667,2025-08-28 09:00:00,CAT_ELEC-946,$144.27,5.0,4.1,37.0,Kragujevac
TXN-10668,,CAT_BOOKS-980, $240.37 ,1.0,3.0,54.0,Subotica
TXN-10669,2025-11-22 17:00:00,CAT_BOOKS-660, $292.06 ,1.0,1.2,54.0,Zrenjanin
TXN-10670,2025-02-19 12:00:00,CAT_BEAUTY-118, $191.93 ,3.0,1.9,29.0,Novi Sad
TXN-10671,2025-10-08 05:00:00,CAT_CLOTH-730, $475.59 ,1.0,2.0,23.0,Kragujevac
TXN-10672,2025-02-10 12:00:00,CAT_ELEC-541,86.88,2.0,3.1,66.0,Novi Sad
TXN-10673,2025-06-23 17:00:00,CAT_CLOTH-409,$91.41,2.0,1.6,69.0,Niš
TXN-10674,2025-09-14 12:00:00,CAT_BEAUTY-169, $264.69 ,1.0,1.4,31.0,Beograd
TXN-10675,2025-09-07 11:00:00,CAT_CLOTH-934,302.38$,2.0,,50.0,Niš
TXN-10676,2025-05-03 09:00:00,CAT_CLOTH-701,335.9,1.0,2.3,34.0,Beograd
TXN-10677,2025-08-21 03:00:00,CAT_ELEC-164,283.55,5.0,2.8,54.0,
TXN-10678,2025-06-09 09:00:00,CAT_CLOTH-438,56.69,5.0,2.1,69.0,Beograd
TXN-10679,2025-12-10 16:00:00,CAT_BEAUTY-690,96.49$,1.0,3.0,26.0,Zrenjanin
TXN-10680,2025-09-21 18:00:00,CAT_BEAUTY-975,385.7$,2.0,2.4,59.0,Beograd
TXN-10681,2025-02-12 01:00:00,CAT_BOOKS-111,$152.27,1.0,4.2,33.0,Zrenjanin
TXN-10682,2025-08-11 13:00:00,CAT_BOOKS-143,335.31$,1.0,4.0,65.0,Beograd
TXN-10683,2025-01-31 03:00:00,CAT_CLOTH-167,$79.64,1.0,3.5,59.0,Novi Sad
TXN-10684,2025-05-02 12:00:00,CAT_BEAUTY-367, $264.57 ,1.0,3.8,53.0,Zrenjanin
TXN-10685,2025-04-24 00:00:00,CAT_BOOKS-594,$403.84,1.0,3.9,22.0,Kragujevac
TXN-10686,2025-06-10 04:00:00,CAT_BEAUTY-885,242.86,2.0,3.5,27.0,Subotica
TXN-10687,2025-12-06 10:00:00,CAT_BEAUTY-517, $403.64 ,1.0,1.3,53.0,Zrenjanin
TXN-10688,2025-05-30 02:00:00,CAT_BEAUTY-757, $281.8 ,5.0,2.0,48.0,Niš
TXN-10689,2025-05-03 16:00:00,CAT_HOME-186,301.94$,4.0,4.3,48.0,Zrenjanin
TXN-10690,,CAT_ELEC-161,101.79$,1.0,4.2,37.0,Niš
TXN-10691,2025-07-27 04:00:00,CAT_CLOTH-894,38.19$,2.0,2.3,61.0,Niš
TXN-10692,2025-05-02 01:00:00,CAT_BEAUTY-711,86.22,4.0,2.6,23.0,Kragujevac
TXN-10693,2025-05-31 01:00:00,CAT_HOME-272,322.81,3.0,2.8,58.0,Kragujevac
TXN-10694,2025-12-18 16:00:00,CAT_BEAUTY-660,$265.53,1.0,4.4,50.0,Kragujevac
TXN-10695,2025-07-14 15:00:00,CAT_ELEC-333,112.06,1.0,3.3,32.0,Niš
TXN-10696,2025-11-30 19:00:00,CAT_HOME-904,299.69$,1.0,2.8,50.0,Kragujevac
TXN-10697,2025-02-21 04:00:00,CAT_BOOKS-118,$376.32,4.0,2.7,34.0,Beograd
TXN-10698,2025-03-21 09:00:00,CAT_BOOKS-808,$446.47,5.0,1.8,23.0,Novi Sad
TXN-10699,2025-04-18 15:00:00,CAT_BEAUTY-175, $97.06 ,2.0,4.0,32.0,Subotica
TXN-10700,2025-05-09 14:00:00,CAT_HOME-590, $156.01 ,4.0,1.3,66.0,Kragujevac
TXN-10701,2025-11-28 03:00:00,CAT_BEAUTY-423,$479.93,1.0,3.2,34.0,Subotica
TXN-10702,2025-01-17 07:00:00,CAT_CLOTH-270, $408.95 ,1.0,4.8,49.0,Zrenjanin
TXN-10703,NEVAŽEĆI_DATUM,CAT_HOME-307,211.82,1.0,4.7,55.0,Niš
TXN-10704,2025-01-25 12:00:00,CAT_HOME-378,,1.0,2.0,63.0,Novi Sad
TXN-10705,2025-03-31 06:00:00,CAT_ELEC-897,,4.0,1.3,50.0,Zrenjanin
TXN-10706,2025-10-30 10:00:00,CAT_BEAUTY-121,$96.75,1.0,2.9,67.0,Kragujevac
TXN-10707,2025-02-09 00:00:00,CAT_BOOKS-662,281.42$,2.0,3.0,63.0,Subotica
TXN-10708,2025-07-08 21:00:00,CAT_BEAUTY-348,479.03$,1.0,2.1,33.0,
TXN-10709,NEVAŽEĆI_DATUM,CAT_CLOTH-151,$348.9,1.0,1.9,23.0,Kragujevac
TXN-10710,2025-05-19 15:00:00,CAT_BEAUTY-537,37.87,1.0,2.1,67.0,Zrenjanin
TXN-10711,2025-03-10 09:00:00,CAT_HOME-229,227.66,2.0,3.7,26.0,Beograd
TXN-10712,2025-07-21 08:00:00,CAT_CLOTH-885,$378.61,1.0,1.2,38.0,Subotica
TXN-10713,2025-12-26 07:00:00,CAT_HOME-188,469.18,3.0,4.9,64.0,Kragujevac
TXN-10714,2025-12-12 20:00:00,CAT_CLOTH-573, $315.06 ,1.0,4.5,32.0,Kragujevac
TXN-10715,2025-12-31 07:00:00,CAT_HOME-890,$350.25,2.0,4.5,30.0,Beograd
TXN-10716,2025-11-21 12:00:00,CAT_CLOTH-452, $198.22 ,2.0,2.0,34.0,Beograd
TXN-10717,2025-08-15 16:00:00,CAT_BEAUTY-353,119.87$,1.0,,52.0,Kragujevac
TXN-10718,2025-10-25 20:00:00,CAT_HOME-142,,1.0,,21.0,Niš
TXN-10719,2025-03-12 15:00:00,CAT_CLOTH-195, $265.93 ,1.0,4.8,58.0,Novi Sad
TXN-10720,2025-06-12 01:00:00,CAT_CLOTH-204,312.43,1.0,4.6,22.0,Zrenjanin
TXN-10721,2025-11-04 22:00:00,CAT_ELEC-406,440.8$,2.0,2.5,37.0,Novi Sad
TXN-10722,2025-08-17 09:00:00,CAT_BOOKS-351, $83.12 ,1.0,1.8,43.0,Zrenjanin
TXN-10723,2025-03-31 03:00:00,CAT_BOOKS-229,278.63,5.0,4.2,64.0,Novi Sad
TXN-10724,2025-10-14 01:00:00,CAT_BOOKS-910,$129.97,3.0,3.8,25.0,Subotica
TXN-10725,2025-02-20 23:00:00,CAT_BEAUTY-673,$73.59,4.0,4.5,65.0,Zrenjanin
TXN-10726,2025-03-04 16:00:00,CAT_BOOKS-186,$475.34,3.0,3.2,48.0,
TXN-10727,2025-05-13 07:00:00,CAT_HOME-899,346.41,4.0,4.0,31.0,Novi Sad
TXN-10728,2025-04-11 09:00:00,CAT_HOME-988, $359.34 ,2.0,4.1,63.0,Beograd
TXN-10729,2025-12-19 04:00:00,CAT_BEAUTY-510, $239.96 ,4.0,4.5,44.0,Beograd
TXN-10730,2025-06-01 06:00:00,CAT_ELEC-868,$465.12,3.0,1.4,54.0,Beograd
TXN-10731,2025-04-17 23:00:00,CAT_CLOTH-487,42.57,2.0,4.8,68.0,Beograd
TXN-10732,2025-09-07 17:00:00,CAT_CLOTH-817,267.22,2.0,1.1,41.0,Subotica
TXN-10733,2025-11-20 01:00:00,CAT_BOOKS-225,$468.5,2.0,,60.0,Kragujevac
TXN-10734,2025-09-21 00:00:00,CAT_CLOTH-609,343.76$,1.0,2.0,41.0,Zrenjanin
TXN-10735,2025-10-16 01:00:00,CAT_BOOKS-822,$322.73,1.0,1.6,21.0,Niš
TXN-10736,2025-10-16 06:00:00,CAT_HOME-793,23.88,10.0,3.0,44.0,Subotica
TXN-10737,2025-07-30 19:00:00,CAT_BEAUTY-815,366.63$,1.0,1.4,21.0,Kragujevac
TXN-10738,2025-12-28 15:00:00,CAT_HOME-397,85.69$,1.0,4.7,35.0,
TXN-10739,2025-04-13 14:00:00,CAT_BEAUTY-883, $450.92 ,1.0,1.9,66.0,Beograd
TXN-10740,2025-06-25 05:00:00,CAT_HOME-267, $40.29 ,2.0,2.1,42.0,Beograd
TXN-10741,2025-08-11 16:00:00,CAT_CLOTH-814,,4.0,4.9,61.0,Subotica
TXN-10742,2025-10-27 21:00:00,CAT_BEAUTY-596,,1.0,5.0,35.0,Beograd
TXN-10743,2025-10-31 18:00:00,CAT_BOOKS-908,20.47$,3.0,2.9,24.0,Beograd
TXN-10744,2025-07-07 08:00:00,CAT_BEAUTY-630,418.01$,2.0,1.5,52.0,Niš
TXN-10745,2025-07-31 21:00:00,CAT_CLOTH-875, $26.9 ,1.0,4.6,29.0,Subotica
TXN-10746,2025-05-26 02:00:00,CAT_BOOKS-938, $68.91 ,1.0,5.0,45.0,Kragujevac
TXN-10747,2025-01-13 05:00:00,CAT_BOOKS-296,466.35$,2.0,1.8,66.0,Subotica
TXN-10748,2025-10-29 22:00:00,CAT_CLOTH-840,445.61,1.0,1.2,42.0,Niš
TXN-10749,2025-08-16 19:00:00,CAT_BOOKS-677, $130.27 ,2.0,1.3,39.0,Zrenjanin
TXN-10750,2025-08-01 03:00:00,CAT_HOME-727,53.09,5.0,1.2,60.0,Niš
TXN-10751,2025-06-26 16:00:00,CAT_BOOKS-543,,1.0,3.1,42.0,Niš
TXN-10752,2025-12-12 20:00:00,CAT_BEAUTY-754,$497.51,10.0,4.1,30.0,Beograd
TXN-10753,2025-04-13 04:00:00,CAT_HOME-732, $232.72 ,4.0,2.6,53.0,Subotica
TXN-10754,2025-11-17 15:00:00,CAT_BOOKS-246,$118.34,2.0,1.3,30.0,Beograd
TXN-10755,2025-09-10 01:00:00,CAT_BOOKS-904,430.2,2.0,2.7,51.0,Kragujevac
TXN-10756,2025-11-04 10:00:00,CAT_HOME-659,399.48$,2.0,2.2,51.0,Beograd
TXN-10757,2025-10-21 08:00:00,CAT_BOOKS-915,$51.15,1.0,3.5,27.0,Beograd
TXN-10758,2025-11-20 12:00:00,CAT_BOOKS-314, $74.22 ,1.0,3.1,46.0,Novi Sad
TXN-10759,2025-11-17 22:00:00,CAT_BOOKS-206,235.12,3.0,2.9,25.0,Subotica
TXN-10760,2025-04-21 12:00:00,CAT_BOOKS-424,32.93,4.0,3.0,39.0,Zrenjanin
TXN-10761,2025-10-01 07:00:00,CAT_ELEC-731,$400.02,2.0,4.5,22.0,Novi Sad
TXN-10762,2025-04-12 06:00:00,CAT_BEAUTY-383,$44.86,1.0,4.3,32.0,Novi Sad
TXN-10763,2025-12-20 10:00:00,CAT_BOOKS-380,214.24,2.0,4.4,33.0,Niš
TXN-10764,2025-01-26 12:00:00,CAT_BOOKS-859,$127.32,1.0,1.2,24.0,Zrenjanin
TXN-10765,2025-08-15 05:00:00,CAT_BEAUTY-175,$418.21,1.0,3.1,62.0,Niš
TXN-10766,2025-10-14 00:00:00,CAT_BEAUTY-991,38.26$,1.0,3.8,67.0,Subotica
TXN-10767,2025-06-25 03:00:00,CAT_BEAUTY-574,385.54$,1.0,4.1,24.0,Niš
TXN-10768,2025-02-21 04:00:00,CAT_BOOKS-565,$132.36,1.0,1.0,39.0,Kragujevac
TXN-10769,NEVAŽEĆI_DATUM,CAT_HOME-500, $185.12 ,1.0,1.5,34.0,Zrenjanin
TXN-10770,2025-02-24 01:00:00,CAT_BOOKS-161,$18.13,1.0,4.5,61.0,Novi Sad
TXN-10771,2025-07-24 19:00:00,CAT_BEAUTY-304, $364.03 ,2.0,3.1,19.0,Novi Sad
TXN-10772,2025-01-24 12:00:00,CAT_ELEC-486, $99.26 ,3.0,1.7,66.0,Subotica
TXN-10773,2025-10-24 14:00:00,CAT_BOOKS-201,$230.98,1.0,3.8,40.0,Zrenjanin
TXN-10774,NEVAŽEĆI_DATUM,CAT_BOOKS-573, $141.62 ,1.0,3.4,57.0,Beograd
TXN-10775,2025-04-25 07:00:00,CAT_CLOTH-155, $97.45 ,1.0,3.3,37.0,Beograd
TXN-10776,2025-05-30 03:00:00,CAT_BOOKS-695, $417.16 ,1.0,4.7,32.0,Kragujevac
TXN-10777,2025-07-11 20:00:00,CAT_ELEC-883,$176.16,2.0,4.0,27.0,Niš
TXN-10778,2025-04-21 19:00:00,CAT_ELEC-848,71.0,4.0,2.6,27.0,Kragujevac
TXN-10779,2025-06-26 14:00:00,CAT_CLOTH-121,240.53$,3.0,1.5,52.0,Zrenjanin
TXN-10780,2025-03-05 21:00:00,CAT_BOOKS-661,148.24,1.0,3.3,64.0,Subotica
TXN-10781,2025-08-06 05:00:00,CAT_ELEC-745,313.65,1.0,1.1,67.0,Zrenjanin
TXN-10782,2025-05-31 20:00:00,CAT_HOME-770,99.27,1.0,4.0,68.0,Niš
TXN-10783,2025-08-30 04:00:00,CAT_CLOTH-544,205.96$,1.0,3.2,61.0,Novi Sad
TXN-10784,2025-01-12 11:00:00,CAT_CLOTH-467,410.97$,2.0,3.7,27.0,Beograd
TXN-10785,2025-05-29 01:00:00,CAT_BOOKS-775,164.25,1.0,2.0,54.0,Kragujevac
TXN-10786,2025-04-28 21:00:00,CAT_HOME-876,$122.15,3.0,1.7,45.0,Kragujevac
TXN-10787,2025-09-01 07:00:00,CAT_HOME-544, $415.78 ,1.0,3.2,50.0,Subotica
TXN-10788,2025-01-29 02:00:00,CAT_ELEC-502, $228.7 ,1.0,2.0,38.0,Beograd
TXN-10789,2025-12-14 22:00:00,CAT_BEAUTY-630,,3.0,2.2,36.0,Niš
TXN-10790,,CAT_HOME-584,155.96,3.0,4.4,43.0,Niš
TXN-10791,2025-06-17 16:00:00,CAT_ELEC-208,406.99$,1.0,1.8,28.0,Beograd
TXN-10792,NEVAŽEĆI_DATUM,CAT_BOOKS-831,$338.69,2.0,4.8,22.0,Niš
TXN-10793,2025-01-20 23:00:00,CAT_CLOTH-651,110.33,1.0,2.6,32.0,Zrenjanin
TXN-10794,2025-05-03 09:00:00,CAT_CLOTH-490,$321.11,2.0,4.6,52.0,Zrenjanin
TXN-10795,2025-12-05 11:00:00,CAT_BEAUTY-229,$238.3,2.0,3.3,46.0,Subotica
TXN-10796,2025-01-24 07:00:00,CAT_ELEC-468,240.6,1.0,1.1,66.0,Beograd
TXN-10797,2025-11-25 10:00:00,CAT_BOOKS-908,287.44,1.0,3.7,60.0,Novi Sad
TXN-10798,2025-10-14 14:00:00,CAT_ELEC-314,168.49,1.0,2.2,20.0,Novi Sad
TXN-10799,2025-06-03 07:00:00,CAT_CLOTH-961, $480.16 ,2.0,4.0,33.0,Subotica
TXN-10800,2025-04-12 13:00:00,CAT_ELEC-990,488.13,2.0,5.0,55.0,Kragujevac
TXN-10801,2025-07-12 00:00:00,CAT_CLOTH-516,$137.25,2.0,2.4,34.0,Zrenjanin
TXN-10802,2025-06-07 11:00:00,CAT_BEAUTY-550,$302.99,2.0,2.6,50.0,Zrenjanin
TXN-10803,2025-11-14 18:00:00,CAT_BOOKS-521,$165.96,2.0,4.0,40.0,Novi Sad
TXN-10804,2025-10-27 07:00:00,CAT_BOOKS-735, $156.27 ,3.0,1.4,60.0,Zrenjanin
TXN-10805,2025-06-25 00:00:00,CAT_ELEC-884,60.12$,1.0,1.2,21.0,Beograd
TXN-10806,2025-07-04 03:00:00,CAT_CLOTH-247,100.69,4.0,2.0,32.0,Subotica
TXN-10807,2025-05-07 03:00:00,CAT_CLOTH-139,405.52$,2.0,4.7,45.0,Niš
TXN-10808,2025-02-23 02:00:00,CAT_ELEC-649,$398.99,1.0,1.4,34.0,Beograd
TXN-10809,2025-02-19 03:00:00,CAT_CLOTH-465, $129.92 ,3.0,1.4,21.0,Kragujevac
TXN-10810,2025-01-12 05:00:00,CAT_BOOKS-119,100.49,1.0,4.9,20.0,Subotica
TXN-10811,2025-12-31 10:00:00,CAT_BEAUTY-343, $115.5 ,2.0,2.1,41.0,Subotica
TXN-10812,2025-07-06 11:00:00,CAT_ELEC-726,$191.29,1.0,3.9,25.0,Zrenjanin
TXN-10813,2025-12-28 17:00:00,CAT_HOME-787,309.07$,4.0,4.9,40.0,Niš
TXN-10814,NEVAŽEĆI_DATUM,CAT_ELEC-791,$405.64,3.0,4.6,31.0,Zrenjanin
TXN-10815,2025-10-17 02:00:00,CAT_HOME-306,498.86$,4.0,3.7,64.0,Novi Sad
TXN-10816,2025-12-15 10:00:00,CAT_BEAUTY-583,$360.9,3.0,4.1,20.0,Kragujevac
TXN-10817,2025-12-17 02:00:00,CAT_BEAUTY-749,$405.2,2.0,2.0,57.0,Zrenjanin
TXN-10818,2025-12-15 09:00:00,CAT_HOME-340,$158.35,1.0,2.5,34.0,Niš
TXN-10819,2025-10-18 15:00:00,CAT_BOOKS-326,39.52$,10.0,1.9,24.0,Niš
TXN-10820,2025-04-12 05:00:00,CAT_HOME-453,$460.08,5.0,1.3,68.0,Niš
TXN-10821,2025-05-20 08:00:00,CAT_CLOTH-806, $82.39 ,1.0,3.4,24.0,Niš
TXN-10822,2025-05-23 18:00:00,CAT_CLOTH-708,41.28$,1.0,4.4,42.0,Beograd
TXN-10823,2025-10-29 21:00:00,CAT_CLOTH-914,201.6$,2.0,1.1,49.0,Beograd
TXN-10824,2025-01-20 01:00:00,CAT_HOME-363,203.5$,1.0,3.2,52.0,Subotica
TXN-10825,2025-07-08 19:00:00,CAT_ELEC-668,$428.7,2.0,3.5,30.0,Subotica
TXN-10826,2025-06-22 18:00:00,CAT_CLOTH-525, $89.1 ,1.0,3.3,61.0,Kragujevac
TXN-10827,2025-06-04 06:00:00,CAT_HOME-590,48.81$,2.0,1.9,18.0,Niš
TXN-10828,2025-12-18 12:00:00,CAT_CLOTH-150,140.2,1.0,2.7,63.0,Kragujevac
TXN-10829,2025-10-23 18:00:00,CAT_ELEC-966,393.84$,3.0,4.1,25.0,Novi Sad
TXN-10830,NEVAŽEĆI_DATUM,CAT_HOME-915, $39.36 ,3.0,4.7,50.0,Zrenjanin
TXN-10831,2025-09-26 02:00:00,CAT_BEAUTY-140, $13.86 ,1.0,3.4,64.0,Zrenjanin
TXN-10832,2025-02-14 09:00:00,CAT_CLOTH-429,$490.96,3.0,2.7,49.0,Novi Sad
TXN-10833,2025-03-20 15:00:00,CAT_BEAUTY-177,333.46,1.0,2.1,53.0,Beograd
TXN-10834,,CAT_ELEC-571,26.65$,1.0,3.2,62.0,Niš
TXN-10835,2025-07-27 13:00:00,CAT_CLOTH-719,$272.65,1.0,3.7,40.0,Niš
TXN-10836,2025-05-29 03:00:00,CAT_BOOKS-813,453.59,1.0,2.8,40.0,Zrenjanin
TXN-10837,2025-09-09 10:00:00,CAT_CLOTH-125,18.0$,2.0,2.3,51.0,Kragujevac
TXN-10838,2025-03-11 17:00:00,CAT_ELEC-337, $426.83 ,1.0,2.1,67.0,Zrenjanin
TXN-10839,2025-12-06 12:00:00,CAT_ELEC-177,,2.0,3.8,22.0,Subotica
TXN-10840,2025-03-12 14:00:00,CAT_CLOTH-230,116.23,1.0,2.6,41.0,Kragujevac
TXN-10841,2025-10-22 08:00:00,CAT_HOME-183, $455.8 ,5.0,3.4,25.0,Novi Sad
TXN-10842,,CAT_CLOTH-408, $69.49 ,2.0,2.3,28.0,Niš
TXN-10843,2025-10-26 13:00:00,CAT_BOOKS-425,$37.57,1.0,4.5,24.0,Kragujevac
TXN-10844,2025-01-10 16:00:00,CAT_BEAUTY-231,267.31,3.0,4.3,29.0,Kragujevac
TXN-10845,2025-07-02 15:00:00,CAT_BOOKS-231,473.73,2.0,4.8,49.0,Kragujevac
TXN-10846,2025-12-23 22:00:00,CAT_BOOKS-866,75.23,2.0,3.1,50.0,Kragujevac
TXN-10847,2025-07-04 11:00:00,CAT_BOOKS-350,363.77$,1.0,1.4,53.0,
TXN-10848,NEVAŽEĆI_DATUM,CAT_BEAUTY-706, $491.69 ,4.0,5.0,59.0,Kragujevac
TXN-10849,2025-08-08 08:00:00,CAT_ELEC-228,,1.0,3.8,27.0,Subotica
TXN-10850,2025-03-23 15:00:00,CAT_ELEC-987,158.31,1.0,1.6,68.0,Niš
TXN-10851,2025-10-03 05:00:00,CAT_HOME-718, $307.5 ,2.0,2.2,27.0,Novi Sad
TXN-10852,2025-10-02 02:00:00,CAT_CLOTH-148,78.8$,2.0,2.2,52.0,Zrenjanin
TXN-10853,2025-06-24 00:00:00,CAT_CLOTH-425, $118.06 ,1.0,1.8,61.0,Beograd
TXN-10854,2025-05-14 19:00:00,CAT_BOOKS-398, $487.74 ,1.0,4.8,61.0,Beograd
TXN-10855,2025-02-28 08:00:00,CAT_ELEC-636,387.8$,1.0,3.1,19.0,Niš
TXN-10856,2025-08-17 10:00:00,CAT_BOOKS-693,430.04$,3.0,1.2,39.0,Beograd
TXN-10857,2025-07-03 13:00:00,CAT_BOOKS-475,287.59,2.0,1.2,62.0,Novi Sad
TXN-10858,2025-02-13 16:00:00,CAT_HOME-134,184.49,1.0,3.6,24.0,Kragujevac
TXN-10859,2025-08-16 07:00:00,CAT_BEAUTY-867,405.64,2.0,4.1,40.0,Novi Sad
TXN-10860,2025-10-07 14:00:00,CAT_BEAUTY-828,470.72$,2.0,4.9,20.0,Beograd
TXN-10861,2025-08-30 12:00:00,CAT_BEAUTY-122,202.2,1.0,4.5,49.0,Subotica
TXN-10862,2025-02-10 18:00:00,CAT_BEAUTY-775,237.02$,3.0,4.9,26.0,Novi Sad
TXN-10863,2025-09-12 01:00:00,CAT_HOME-982,311.62$,4.0,2.2,61.0,Zrenjanin
TXN-10864,2025-05-13 17:00:00,CAT_CLOTH-465, $37.83 ,10.0,4.4,63.0,Novi Sad
TXN-10865,2025-11-26 10:00:00,CAT_HOME-295, $318.4 ,2.0,3.7,66.0,Niš
TXN-10866,2025-04-01 16:00:00,CAT_CLOTH-392,$329.2,2.0,3.5,61.0,Beograd
TXN-10867,2025-04-04 08:00:00,CAT_BEAUTY-537,225.13,1.0,1.9,62.0,Kragujevac
TXN-10868,2025-12-13 17:00:00,CAT_BOOKS-224, $15.47 ,5.0,4.5,65.0,Kragujevac
TXN-10869,2025-04-26 06:00:00,CAT_CLOTH-827, $358.6 ,2.0,3.2,47.0,Subotica
TXN-10870,2025-06-28 04:00:00,CAT_ELEC-717, $405.75 ,1.0,4.7,65.0,Beograd
TXN-10871,2025-09-25 17:00:00,CAT_ELEC-395,107.82,1.0,1.2,34.0,Novi Sad
TXN-10872,2025-06-24 16:00:00,CAT_ELEC-674, $140.01 ,1.0,4.7,50.0,Kragujevac
TXN-10873,2025-11-23 12:00:00,CAT_ELEC-675,,2.0,1.7,45.0,Zrenjanin
TXN-10874,2025-09-30 20:00:00,CAT_ELEC-862,63.66,1.0,3.2,37.0,Niš
TXN-10875,2025-12-20 09:00:00,CAT_CLOTH-300, $243.19 ,1.0,3.4,36.0,Subotica
TXN-10876,2025-11-07 00:00:00,CAT_BEAUTY-182,$289.14,1.0,3.6,55.0,Novi Sad
TXN-10877,NEVAŽEĆI_DATUM,CAT_BOOKS-771,428.02$,10.0,4.5,65.0,Beograd
TXN-10878,2025-01-16 03:00:00,CAT_BOOKS-176, $391.07 ,1.0,4.2,57.0,Niš
TXN-10879,2025-08-29 20:00:00,CAT_HOME-110,$125.72,4.0,4.4,35.0,Beograd
TXN-10880,2025-12-26 13:00:00,CAT_BEAUTY-746,464.4$,1.0,4.0,41.0,Zrenjanin
TXN-10881,2025-02-10 21:00:00,CAT_BEAUTY-571, $221.88 ,1.0,2.2,22.0,Novi Sad
TXN-10882,2025-09-25 11:00:00,CAT_BEAUTY-590, $115.59 ,1.0,1.7,26.0,Subotica
TXN-10883,NEVAŽEĆI_DATUM,CAT_BOOKS-849,225.54$,1.0,4.1,34.0,Niš
TXN-10884,NEVAŽEĆI_DATUM,CAT_BEAUTY-665, $429.3 ,1.0,1.4,39.0,Beograd
TXN-10885,2025-03-10 15:00:00,CAT_BOOKS-511,$66.67,2.0,2.0,46.0,Subotica
TXN-10886,2025-11-30 02:00:00,CAT_HOME-587, $83.02 ,5.0,2.9,34.0,Beograd
TXN-10887,2025-08-14 11:00:00,CAT_BEAUTY-100, $107.12 ,1.0,4.5,41.0,Niš
TXN-10888,2025-03-07 16:00:00,CAT_BOOKS-316, $492.35 ,3.0,3.8,29.0,Novi Sad
TXN-10889,,CAT_CLOTH-479,107.02,1.0,1.8,54.0,Zrenjanin
TXN-10890,2025-10-07 08:00:00,CAT_HOME-522,116.81$,2.0,3.7,69.0,Kragujevac
TXN-10891,2025-10-04 08:00:00,CAT_ELEC-992,$277.21,4.0,3.6,69.0,Zrenjanin
TXN-10892,2025-02-11 05:00:00,CAT_ELEC-860, $299.26 ,1.0,2.6,68.0,Beograd
TXN-10893,2025-11-08 13:00:00,CAT_BOOKS-473,249.17,1.0,4.2,59.0,Subotica
TXN-10894,2025-10-28 11:00:00,CAT_BEAUTY-493,179.05$,1.0,2.5,53.0,Beograd
TXN-10895,2025-06-07 02:00:00,CAT_ELEC-458,263.92,1.0,4.4,50.0,Subotica
TXN-10896,2025-03-20 19:00:00,CAT_BOOKS-457,133.65,3.0,3.7,65.0,Novi Sad
TXN-10897,2025-02-16 21:00:00,CAT_BEAUTY-730, $126.58 ,1.0,2.9,35.0,Beograd
TXN-10898,2025-06-27 14:00:00,CAT_ELEC-720,345.91$,5.0,2.7,49.0,Novi Sad
TXN-10899,2025-11-06 01:00:00,CAT_CLOTH-326,449.71$,1.0,1.6,26.0,Zrenjanin
TXN-10900,2025-07-03 22:00:00,CAT_BOOKS-883, $106.93 ,1.0,2.1,47.0,Subotica
TXN-10901,2025-11-17 10:00:00,CAT_ELEC-665,135.88,1.0,4.3,35.0,Beograd
TXN-10902,2025-08-17 11:00:00,CAT_BEAUTY-627, $48.23 ,1.0,3.9,64.0,Subotica
TXN-10903,2025-10-13 23:00:00,CAT_HOME-145,354.44,2.0,3.1,22.0,Novi Sad
TXN-10904,2025-05-13 16:00:00,CAT_ELEC-505,311.86,1.0,4.0,39.0,Zrenjanin
TXN-10905,2025-09-04 21:00:00,CAT_BEAUTY-907,$47.32,1.0,3.9,67.0,
TXN-10906,,CAT_CLOTH-333,245.28$,3.0,1.1,24.0,Kragujevac
TXN-10907,2025-02-02 05:00:00,CAT_HOME-356, $369.65 ,2.0,4.1,20.0,Kragujevac
TXN-10908,2025-12-28 12:00:00,CAT_HOME-345,80.55$,3.0,3.8,28.0,Zrenjanin
TXN-10909,2025-10-27 03:00:00,CAT_HOME-157,190.93$,1.0,1.6,29.0,Beograd
TXN-10910,2025-09-12 20:00:00,CAT_CLOTH-551, $101.61 ,2.0,2.5,48.0,Zrenjanin
TXN-10911,2025-02-25 02:00:00,CAT_HOME-724,$475.15,1.0,4.7,66.0,Zrenjanin
TXN-10912,NEVAŽEĆI_DATUM,CAT_HOME-149,$390.32,1.0,2.5,38.0,Kragujevac
TXN-10913,2025-06-09 10:00:00,CAT_CLOTH-450,390.66$,2.0,3.8,30.0,
TXN-10914,2025-04-27 02:00:00,CAT_HOME-423,376.55$,2.0,2.7,43.0,Niš
TXN-10915,2025-09-18 15:00:00,CAT_ELEC-754,336.38$,4.0,1.1,25.0,Subotica
TXN-10916,2025-01-08 16:00:00,CAT_BOOKS-300, $201.42 ,1.0,2.9,63.0,Niš
TXN-10917,NEVAŽEĆI_DATUM,CAT_HOME-513,47.18,1.0,3.7,65.0,Novi Sad
TXN-10918,2025-04-01 04:00:00,CAT_ELEC-881,$89.13,1.0,4.5,67.0,Subotica
TXN-10919,2025-10-24 09:00:00,CAT_ELEC-512,$282.83,1.0,1.6,48.0,Beograd
TXN-10920,2025-12-25 09:00:00,CAT_ELEC-265,142.53,1.0,1.7,34.0,Novi Sad
TXN-10921,2025-12-19 21:00:00,CAT_BOOKS-826,$458.64,2.0,4.8,57.0,Subotica
TXN-10922,2025-06-27 13:00:00,CAT_BOOKS-491, $259.9 ,2.0,3.8,33.0,Subotica
TXN-10923,2025-11-04 21:00:00,CAT_HOME-448, $493.38 ,1.0,1.7,29.0,Zrenjanin
TXN-10924,2025-02-18 01:00:00,CAT_HOME-669,239.56,1.0,3.3,44.0,Zrenjanin
TXN-10925,2025-11-25 05:00:00,CAT_HOME-793,27.07$,1.0,1.5,28.0,Zrenjanin
TXN-10926,2025-12-17 17:00:00,CAT_BOOKS-234,,5.0,3.0,41.0,Novi Sad
TXN-10927,2025-01-24 08:00:00,CAT_BOOKS-475,39.96$,1.0,3.0,56.0,Beograd
TXN-10928,2025-03-13 00:00:00,CAT_BOOKS-874,277.17,1.0,2.1,63.0,Niš
TXN-10929,2025-10-22 16:00:00,CAT_BOOKS-626, $356.43 ,1.0,1.8,35.0,Beograd
TXN-10930,2025-06-20 03:00:00,CAT_BOOKS-837,70.98$,2.0,1.5,54.0,Kragujevac
TXN-10931,,CAT_CLOTH-646, $170.28 ,1.0,2.6,57.0,Subotica
TXN-10932,,CAT_BOOKS-636,$188.97,1.0,1.3,32.0,Beograd
TXN-10933,2025-01-21 15:00:00,CAT_CLOTH-174,76.11$,1.0,4.1,42.0,Novi Sad
TXN-10934,2025-10-18 07:00:00,CAT_HOME-504,406.26$,2.0,4.7,50.0,Kragujevac
TXN-10935,,CAT_BEAUTY-907,381.07$,1.0,2.1,51.0,Subotica
TXN-10936,2025-06-14 00:00:00,CAT_ELEC-686,61.84$,1.0,2.1,41.0,Beograd
TXN-10937,2025-06-19 12:00:00,CAT_BEAUTY-711,$168.56,5.0,1.3,60.0,Novi Sad
TXN-10938,2025-12-29 02:00:00,CAT_ELEC-981,182.04$,1.0,3.6,45.0,Beograd
TXN-10939,2025-10-25 10:00:00,CAT_ELEC-464, $19.42 ,2.0,1.4,52.0,Niš
TXN-10940,2025-07-25 10:00:00,CAT_BOOKS-455,$133.71,1.0,1.3,19.0,Kragujevac
TXN-10941,2025-11-21 18:00:00,CAT_HOME-924,226.87$,3.0,2.0,22.0,Zrenjanin
TXN-10942,2025-05-12 02:00:00,CAT_BEAUTY-421,$89.23,1.0,1.6,64.0,Kragujevac
TXN-10943,2025-08-17 01:00:00,CAT_CLOTH-334,147.26$,1.0,4.9,23.0,Novi Sad
TXN-10944,2025-06-30 07:00:00,CAT_BOOKS-474,$352.48,2.0,5.0,34.0,Novi Sad
TXN-10945,2025-10-01 12:00:00,CAT_BOOKS-805,213.86$,1.0,2.0,47.0,Novi Sad
TXN-10946,2025-04-30 22:00:00,CAT_BOOKS-258,$396.23,1.0,3.4,22.0,Zrenjanin
TXN-10947,2025-07-16 21:00:00,CAT_CLOTH-181,$430.72,1.0,4.1,29.0,Kragujevac
TXN-10948,2025-12-27 16:00:00,CAT_BOOKS-113,$185.82,1.0,2.2,23.0,Kragujevac
TXN-10949,2025-09-07 03:00:00,CAT_BOOKS-339, $469.5 ,10.0,1.5,65.0,Kragujevac
TXN-10950,2025-10-07 04:00:00,CAT_BOOKS-187,393.32,2.0,4.1,56.0,Kragujevac
TXN-10951,2025-12-13 16:00:00,CAT_HOME-423,286.81$,2.0,3.5,62.0,Zrenjanin
TXN-10952,NEVAŽEĆI_DATUM,CAT_HOME-190,74.7,5.0,2.0,63.0,Zrenjanin
TXN-10953,2025-01-18 14:00:00,CAT_HOME-299,$286.93,1.0,3.9,35.0,Beograd
TXN-10954,2025-12-05 15:00:00,CAT_CLOTH-943,215.15$,2.0,3.4,28.0,Zrenjanin
TXN-10955,2025-01-18 20:00:00,CAT_HOME-825,148.87$,1.0,1.8,35.0,Zrenjanin
TXN-10956,2025-08-25 21:00:00,CAT_BOOKS-280,$131.5,2.0,2.4,20.0,Zrenjanin
TXN-10957,2025-05-25 14:00:00,CAT_HOME-308,$394.33,1.0,4.3,67.0,Subotica
TXN-10958,2025-04-14 00:00:00,CAT_BEAUTY-142,207.78,2.0,2.3,66.0,Subotica
TXN-10959,2025-01-24 19:00:00,CAT_BEAUTY-956,311.97$,1.0,2.6,63.0,Zrenjanin
TXN-10960,2025-07-29 10:00:00,CAT_BEAUTY-687, $326.64 ,2.0,4.5,57.0,Niš
TXN-10961,2025-03-06 18:00:00,CAT_CLOTH-573,$196.21,3.0,4.8,51.0,Subotica
TXN-10962,,CAT_ELEC-265, $32.38 ,4.0,1.4,42.0,Zrenjanin
TXN-10963,2025-01-30 13:00:00,CAT_BEAUTY-240, $294.79 ,1.0,4.7,54.0,Beograd
TXN-10964,2025-10-10 23:00:00,CAT_HOME-140,88.04,1.0,3.4,47.0,Novi Sad
TXN-10965,2025-09-24 18:00:00,CAT_ELEC-539,120.15,3.0,2.9,61.0,Novi Sad
TXN-10966,2025-12-27 19:00:00,CAT_ELEC-281,380.96,1.0,3.0,63.0,Beograd
TXN-10967,2025-07-28 20:00:00,CAT_ELEC-484,88.27$,2.0,1.5,38.0,Subotica
TXN-10968,,CAT_CLOTH-507,434.3,5.0,1.9,19.0,Kragujevac
TXN-10969,2025-04-21 09:00:00,CAT_ELEC-498, $186.46 ,10.0,2.8,54.0,Subotica
TXN-10970,2025-03-08 03:00:00,CAT_ELEC-343,77.37$,1.0,3.9,39.0,Kragujevac
TXN-10971,2025-09-13 20:00:00,CAT_BEAUTY-414,158.28,2.0,3.9,52.0,Zrenjanin
TXN-10972,2025-04-07 17:00:00,CAT_BOOKS-652, $359.02 ,4.0,2.3,65.0,Beograd
TXN-10973,2025-11-02 06:00:00,CAT_HOME-719, $46.73 ,1.0,3.5,33.0,Zrenjanin
TXN-10974,2025-10-22 09:00:00,CAT_BEAUTY-518,69.26,2.0,2.4,62.0,Kragujevac
TXN-10975,NEVAŽEĆI_DATUM,CAT_BOOKS-991,$295.47,2.0,3.0,65.0,Niš
TXN-10976,,CAT_HOME-402,$365.72,2.0,4.9,64.0,Beograd
TXN-10977,2025-06-11 11:00:00,CAT_BEAUTY-730,376.62$,2.0,3.1,27.0,Niš
TXN-10978,,CAT_CLOTH-713,47.08,1.0,2.6,28.0,Kragujevac
TXN-10979,,CAT_BEAUTY-621,374.6,1.0,1.4,41.0,Beograd
TXN-10980,2025-05-02 18:00:00,CAT_BOOKS-385,484.1,1.0,3.9,45.0,Kragujevac
TXN-10981,2025-09-16 05:00:00,CAT_CLOTH-253,272.28,2.0,4.3,34.0,Zrenjanin
TXN-10982,2025-12-28 11:00:00,CAT_ELEC-335,410.51,2.0,4.2,57.0,Subotica
TXN-10983,2025-05-01 04:00:00,CAT_HOME-760,199.89$,1.0,4.3,66.0,Beograd
TXN-10984,2025-09-18 15:00:00,CAT_BEAUTY-940,368.05$,2.0,2.3,63.0,Beograd
TXN-10985,2025-10-04 21:00:00,CAT_HOME-674,170.65,3.0,3.7,59.0,Zrenjanin
TXN-10986,2025-02-23 00:00:00,CAT_BOOKS-326,$305.09,1.0,2.5,46.0,Kragujevac
TXN-10987,2025-06-17 18:00:00,CAT_BOOKS-337,367.04,2.0,4.6,68.0,Zrenjanin
TXN-10988,2025-08-01 18:00:00,CAT_CLOTH-740,331.95,1.0,1.5,53.0,Niš
TXN-10989,2025-11-24 00:00:00,CAT_BEAUTY-457,$108.28,3.0,3.6,65.0,Novi Sad
TXN-10990,2025-11-26 10:00:00,CAT_BOOKS-338,,1.0,1.3,36.0,Zrenjanin
TXN-10991,2025-03-23 21:00:00,CAT_BEAUTY-834,407.49,1.0,,36.0,Subotica
TXN-10992,2025-04-02 05:00:00,CAT_BOOKS-859,50.18,1.0,3.2,38.0,Subotica
TXN-10993,2025-09-17 00:00:00,CAT_BOOKS-836, $234.62 ,1.0,2.1,27.0,Niš
TXN-10994,2025-05-30 10:00:00,CAT_BEAUTY-816,430.05$,1.0,1.1,34.0,Novi Sad
TXN-10995,2025-12-26 14:00:00,CAT_CLOTH-219,211.08$,1.0,3.1,60.0,Subotica
TXN-10996,2025-07-23 21:00:00,CAT_BEAUTY-462,185.27,1.0,3.3,56.0,Subotica
TXN-10997,2025-09-20 01:00:00,CAT_BEAUTY-750, $436.02 ,1.0,4.3,23.0,Subotica
TXN-10998,2025-08-11 01:00:00,CAT_ELEC-240,153.73,1.0,3.2,50.0,Subotica
TXN-10999,2025-12-05 10:00:00,CAT_ELEC-814, $312.36 ,1.0,3.2,34.0,Subotica
TXN-11000,2025-07-23 00:00:00,CAT_CLOTH-861,337.49,5.0,3.9,23.0,Niš
TXN-11001,2025-04-19 14:00:00,CAT_BEAUTY-668,$350.69,1.0,,64.0,Niš
TXN-11002,2025-10-08 21:00:00,CAT_HOME-886,$469.3,1.0,1.2,44.0,Niš
TXN-11003,2025-04-15 13:00:00,CAT_BOOKS-201, $53.68 ,1.0,2.5,30.0,Subotica
TXN-11004,2025-12-15 06:00:00,CAT_BEAUTY-310,$361.79,2.0,2.0,28.0,Beograd
TXN-11005,2025-09-30 03:00:00,CAT_BEAUTY-693,98.85,1.0,4.7,29.0,Novi Sad
TXN-11006,2025-07-23 19:00:00,CAT_HOME-710,125.05,1.0,4.1,65.0,Beograd
TXN-11007,2025-04-16 10:00:00,CAT_ELEC-749,190.74$,2.0,1.3,61.0,Beograd
TXN-11008,2025-01-14 03:00:00,CAT_BOOKS-523,122.63,1.0,1.1,61.0,Kragujevac
TXN-11009,2025-02-24 14:00:00,CAT_CLOTH-518,$492.47,4.0,4.1,26.0,Niš
TXN-11010,2025-08-04 13:00:00,CAT_ELEC-567, $403.24 ,10.0,4.5,26.0,
TXN-11011,2025-04-22 08:00:00,CAT_CLOTH-302, $112.87 ,1.0,4.6,67.0,Kragujevac
TXN-11012,2025-02-11 10:00:00,CAT_BEAUTY-445,$338.54,2.0,3.4,41.0,Novi Sad
TXN-11013,2025-03-17 04:00:00,CAT_BEAUTY-202, $297.35 ,4.0,2.1,63.0,Subotica
TXN-11014,2025-05-16 12:00:00,CAT_HOME-107, $58.9 ,2.0,4.9,60.0,Beograd
TXN-11015,NEVAŽEĆI_DATUM,CAT_CLOTH-643, $175.17 ,3.0,4.3,28.0,Niš
TXN-11016,2025-12-24 19:00:00,CAT_HOME-710,466.21$,1.0,4.5,41.0,Subotica
TXN-11017,NEVAŽEĆI_DATUM,CAT_CLOTH-114,198.36$,1.0,2.9,25.0,Niš
TXN-11018,2025-07-12 00:00:00,CAT_HOME-153,469.21$,2.0,,36.0,Zrenjanin
TXN-11019,2025-01-16 21:00:00,CAT_HOME-912,$284.85,1.0,3.4,67.0,Kragujevac
TXN-11020,2025-08-11 21:00:00,CAT_ELEC-185,177.99,1.0,3.3,52.0,Zrenjanin
TXN-11021,2025-07-14 07:00:00,CAT_BEAUTY-299, $179.81 ,1.0,,30.0,Subotica
TXN-11022,2025-09-21 16:00:00,CAT_BOOKS-258,$354.96,1.0,1.6,22.0,Beograd
TXN-11023,2025-05-19 02:00:00,CAT_BEAUTY-311, $45.02 ,5.0,2.3,48.0,Zrenjanin
TXN-11024,2025-02-14 23:00:00,CAT_HOME-392,118.04$,1.0,2.6,62.0,Kragujevac
TXN-11025,2025-08-14 15:00:00,CAT_BEAUTY-900,23.58$,1.0,2.4,55.0,Kragujevac
TXN-11026,2025-01-23 01:00:00,CAT_HOME-130,,1.0,1.1,53.0,Beograd
TXN-11027,2025-07-14 21:00:00,CAT_CLOTH-889,120.41$,4.0,1.1,59.0,Niš
TXN-11028,,CAT_HOME-341,347.79$,4.0,5.0,28.0,Kragujevac
TXN-11029,2025-11-28 03:00:00,CAT_BEAUTY-183,317.86,4.0,3.7,23.0,Beograd
TXN-11030,2025-10-17 10:00:00,CAT_BOOKS-330, $352.47 ,1.0,3.4,49.0,Subotica
TXN-11031,2025-09-25 03:00:00,CAT_BEAUTY-871, $487.36 ,2.0,2.7,69.0,Zrenjanin
TXN-11032,,CAT_BOOKS-722,,2.0,4.6,18.0,Beograd
TXN-11033,2025-02-13 11:00:00,CAT_ELEC-738,432.5$,2.0,4.1,59.0,Kragujevac
TXN-11034,2025-11-17 09:00:00,CAT_BOOKS-166,273.92$,1.0,3.0,65.0,Novi Sad
TXN-11035,2025-03-29 03:00:00,CAT_BEAUTY-427,183.11,4.0,3.6,38.0,Subotica
TXN-11036,2025-04-02 01:00:00,CAT_BEAUTY-577, $222.11 ,5.0,2.3,51.0,Niš
TXN-11037,2025-01-25 06:00:00,CAT_BEAUTY-579,193.06$,1.0,1.6,20.0,Zrenjanin
TXN-11038,2025-06-23 13:00:00,CAT_ELEC-958, $165.45 ,3.0,2.4,18.0,Niš
TXN-11039,2025-07-30 17:00:00,CAT_CLOTH-769,$422.17,1.0,1.6,37.0,Niš
TXN-11040,2025-06-30 09:00:00,CAT_CLOTH-163,152.25,2.0,1.5,67.0,Beograd
TXN-11041,2025-01-04 09:00:00,CAT_BOOKS-528,474.18$,1.0,2.3,27.0,Novi Sad
TXN-11042,2025-06-04 09:00:00,CAT_CLOTH-171,$336.6,1.0,4.7,19.0,Zrenjanin
TXN-11043,2025-07-02 23:00:00,CAT_BEAUTY-556,,1.0,1.6,50.0,Zrenjanin
TXN-11044,NEVAŽEĆI_DATUM,CAT_BOOKS-328,146.56,10.0,1.2,26.0,Kragujevac
TXN-11045,2025-11-07 07:00:00,CAT_CLOTH-463,$173.37,4.0,3.4,61.0,Zrenjanin
TXN-11046,NEVAŽEĆI_DATUM,CAT_BOOKS-395, $95.94 ,1.0,3.1,39.0,Niš
TXN-11047,2025-04-12 02:00:00,CAT_BEAUTY-113,$135.4,1.0,2.6,36.0,Beograd
TXN-11048,2025-11-14 19:00:00,CAT_HOME-121,363.83$,1.0,2.8,57.0,Kragujevac
TXN-11049,2025-01-01 02:00:00,CAT_BEAUTY-700,434.76$,3.0,3.6,29.0,Novi Sad
TXN-11050,2025-03-08 23:00:00,CAT_HOME-799,379.58$,2.0,,34.0,Zrenjanin
TXN-11051,2025-06-11 13:00:00,CAT_BEAUTY-413,73.26,3.0,2.2,20.0,Novi Sad
TXN-11052,2025-07-03 16:00:00,CAT_ELEC-119,$126.24,2.0,1.7,21.0,Beograd
TXN-11053,2025-05-20 17:00:00,CAT_ELEC-828, $201.36 ,4.0,3.7,68.0,Niš
TXN-11054,2025-08-10 02:00:00,CAT_CLOTH-268,$417.54,2.0,4.1,63.0,Niš
TXN-11055,2025-03-25 05:00:00,CAT_HOME-148, $150.17 ,2.0,1.9,48.0,Novi Sad
TXN-11056,2025-08-30 14:00:00,CAT_ELEC-675,$276.49,2.0,1.3,32.0,Zrenjanin
TXN-11057,2025-08-15 02:00:00,CAT_ELEC-160,466.3,1.0,3.8,63.0,
TXN-11058,2025-05-29 09:00:00,CAT_BEAUTY-837,$301.56,1.0,2.1,36.0,Beograd
TXN-11059,2025-11-26 01:00:00,CAT_BEAUTY-691,317.21,1.0,3.5,27.0,Kragujevac
TXN-11060,2025-12-14 04:00:00,CAT_BEAUTY-101,124.55,1.0,3.3,47.0,Novi Sad
TXN-11061,2025-04-09 14:00:00,CAT_CLOTH-648, $412.85 ,1.0,1.2,56.0,Novi Sad
TXN-11062,2025-10-07 10:00:00,CAT_CLOTH-896,100.25,1.0,4.9,24.0,Niš
TXN-11063,2025-01-24 05:00:00,CAT_BEAUTY-698, $45.61 ,1.0,2.4,32.0,Kragujevac
TXN-11064,2025-05-08 03:00:00,CAT_BEAUTY-317,$87.48,2.0,4.3,29.0,Kragujevac
TXN-11065,2025-09-15 17:00:00,CAT_CLOTH-291,368.36,1.0,2.7,32.0,Novi Sad
TXN-11066,2025-11-15 20:00:00,CAT_BEAUTY-787,$49.07,3.0,3.0,63.0,Kragujevac
TXN-11067,2025-09-17 16:00:00,CAT_ELEC-750,100.04$,2.0,3.3,62.0,Subotica
TXN-11068,2025-12-26 14:00:00,CAT_ELEC-572,80.27,1.0,3.7,27.0,Novi Sad
TXN-11069,2025-05-06 18:00:00,CAT_BOOKS-436,205.76,2.0,3.9,66.0,Novi Sad
TXN-11070,2025-11-04 21:00:00,CAT_ELEC-187, $60.09 ,1.0,3.7,43.0,Zrenjanin
TXN-11071,2025-10-18 07:00:00,CAT_ELEC-691,$52.64,1.0,3.5,46.0,Novi Sad
TXN-11072,2025-10-06 23:00:00,CAT_BEAUTY-534, $473.11 ,1.0,2.5,18.0,Zrenjanin
TXN-11073,2025-12-29 14:00:00,CAT_BEAUTY-579,111.03$,4.0,4.4,36.0,Beograd
TXN-11074,2025-09-28 16:00:00,CAT_BEAUTY-402, $218.32 ,1.0,3.4,59.0,
TXN-11075,2025-05-27 20:00:00,CAT_BEAUTY-717, $309.0 ,5.0,2.8,56.0,Zrenjanin
TXN-11076,2025-12-01 15:00:00,CAT_CLOTH-795,273.76$,1.0,3.7,30.0,Novi Sad
TXN-11077,2025-11-19 23:00:00,CAT_CLOTH-682,$312.05,2.0,2.1,46.0,Zrenjanin
TXN-11078,2025-07-11 00:00:00,CAT_HOME-829,$386.96,2.0,,58.0,Zrenjanin
TXN-11079,NEVAŽEĆI_DATUM,CAT_BOOKS-734,248.81$,1.0,3.7,43.0,
TXN-11080,NEVAŽEĆI_DATUM,CAT_HOME-858,438.97,1.0,1.0,58.0,Beograd
TXN-11081,2025-02-15 11:00:00,CAT_BOOKS-862,268.8$,1.0,2.8,24.0,Niš
TXN-11082,2025-11-17 04:00:00,CAT_BOOKS-130,$350.21,5.0,3.4,67.0,Novi Sad
TXN-11083,2025-07-28 14:00:00,CAT_BEAUTY-422,189.74$,4.0,2.3,63.0,Niš
TXN-11084,2025-11-01 02:00:00,CAT_HOME-583,65.12,1.0,1.8,22.0,Novi Sad
TXN-11085,2025-08-24 00:00:00,CAT_CLOTH-995,,3.0,4.2,40.0,Zrenjanin
TXN-11086,2025-04-17 13:00:00,CAT_BOOKS-874,58.38,3.0,3.5,68.0,Beograd
TXN-11087,2025-04-30 15:00:00,CAT_BEAUTY-979,379.51,2.0,2.3,42.0,Zrenjanin
TXN-11088,2025-02-19 10:00:00,CAT_CLOTH-334,109.31$,1.0,4.1,18.0,Kragujevac
TXN-11089,2025-10-30 02:00:00,CAT_BOOKS-988,$440.22,1.0,3.1,24.0,Beograd
TXN-11090,2025-12-19 18:00:00,CAT_BOOKS-517, $70.25 ,2.0,3.2,51.0,Kragujevac
TXN-11091,,CAT_ELEC-184,315.06$,2.0,3.8,26.0,Novi Sad
TXN-11092,2025-09-08 06:00:00,CAT_HOME-247,336.73,1.0,1.5,49.0,Kragujevac
TXN-11093,NEVAŽEĆI_DATUM,CAT_BOOKS-744, $316.94 ,2.0,2.8,19.0,Beograd
TXN-11094,2025-09-07 14:00:00,CAT_CLOTH-818,$136.35,1.0,4.1,54.0,Zrenjanin
TXN-11095,2025-06-21 17:00:00,CAT_BOOKS-120,$341.56,2.0,3.1,19.0,Kragujevac
TXN-11096,2025-01-21 14:00:00,CAT_HOME-341,318.07,4.0,3.0,25.0,Novi Sad
TXN-11097,2025-01-28 21:00:00,CAT_HOME-840,283.35,1.0,3.3,47.0,Kragujevac
TXN-11098,2025-10-26 20:00:00,CAT_CLOTH-933,$38.16,1.0,1.4,22.0,Beograd
TXN-11099,2025-07-22 14:00:00,CAT_BEAUTY-918, $210.09 ,4.0,3.1,62.0,Kragujevac
TXN-11100,2025-11-04 05:00:00,CAT_BOOKS-269,435.26$,1.0,4.7,50.0,Kragujevac
TXN-11101,NEVAŽEĆI_DATUM,CAT_HOME-228,268.38$,2.0,4.9,18.0,Beograd
TXN-11102,2025-07-29 02:00:00,CAT_BOOKS-895,$203.48,1.0,2.3,63.0,Kragujevac
TXN-11103,2025-03-01 02:00:00,CAT_CLOTH-379,396.21$,1.0,1.6,59.0,Kragujevac
TXN-11104,2025-12-10 22:00:00,CAT_BEAUTY-428, $234.67 ,1.0,4.4,22.0,Kragujevac
TXN-11105,2025-08-03 18:00:00,CAT_HOME-966,23.61$,1.0,4.7,60.0,Subotica
TXN-11106,2025-01-01 00:00:00,CAT_HOME-356, $411.9 ,1.0,2.6,67.0,Subotica
TXN-11107,2025-10-31 05:00:00,CAT_CLOTH-926,,10.0,,21.0,Subotica
TXN-11108,2025-10-06 04:00:00,CAT_CLOTH-163,93.49,3.0,3.2,33.0,Zrenjanin
TXN-11109,2025-10-18 13:00:00,CAT_BOOKS-722, $338.78 ,2.0,3.6,36.0,Zrenjanin
TXN-11110,2025-05-13 02:00:00,CAT_ELEC-779,,2.0,1.8,39.0,Subotica
TXN-11111,2025-02-10 05:00:00,CAT_CLOTH-664,456.56,1.0,,48.0,Niš
TXN-11112,2025-04-11 07:00:00,CAT_CLOTH-986,394.79,1.0,4.8,46.0,Beograd
TXN-11113,2025-07-05 08:00:00,CAT_HOME-196,$87.92,1.0,1.2,30.0,Subotica
TXN-11114,2025-06-10 02:00:00,CAT_HOME-434,471.67,1.0,2.6,21.0,Subotica
TXN-11115,2025-11-17 21:00:00,CAT_BEAUTY-710,390.28,4.0,4.9,36.0,Zrenjanin
TXN-11116,2025-11-10 23:00:00,CAT_CLOTH-465,$43.27,1.0,4.0,26.0,Zrenjanin
TXN-11117,2025-11-19 05:00:00,CAT_BOOKS-407,196.25$,5.0,2.8,63.0,Niš
TXN-11118,2025-05-26 08:00:00,CAT_ELEC-498,$236.88,5.0,4.7,61.0,Zrenjanin
TXN-11119,2025-01-06 11:00:00,CAT_CLOTH-222, $302.64 ,1.0,4.5,44.0,Zrenjanin
TXN-11120,2025-01-14 21:00:00,CAT_BOOKS-645,$29.42,3.0,2.1,40.0,Subotica
TXN-11121,2025-07-27 01:00:00,CAT_HOME-981,458.24,1.0,4.3,45.0,Kragujevac
TXN-11122,2025-09-03 03:00:00,CAT_BOOKS-179,$460.8,3.0,3.0,58.0,Zrenjanin
TXN-11123,2025-02-08 08:00:00,CAT_ELEC-417, $487.61 ,1.0,2.9,31.0,Zrenjanin
TXN-11124,2025-01-11 12:00:00,CAT_CLOTH-893,273.92$,10.0,3.5,59.0,Kragujevac
TXN-11125,2025-10-16 12:00:00,CAT_BEAUTY-931, $22.28 ,1.0,3.1,45.0,Beograd
TXN-11126,2025-06-24 02:00:00,CAT_HOME-569,463.43$,1.0,2.6,65.0,Novi Sad
TXN-11127,2025-09-13 17:00:00,CAT_BOOKS-331,321.07$,2.0,5.0,67.0,Niš
TXN-11128,2025-07-13 19:00:00,CAT_BEAUTY-729, $18.62 ,4.0,1.5,36.0,Zrenjanin
TXN-11129,2025-07-21 08:00:00,CAT_CLOTH-670, $460.24 ,1.0,2.1,26.0,Beograd
TXN-11130,2025-06-01 04:00:00,CAT_HOME-509,$302.46,4.0,4.5,26.0,Beograd
TXN-11131,2025-11-04 23:00:00,CAT_BOOKS-283, $475.22 ,1.0,1.4,58.0,Novi Sad
TXN-11132,2025-01-31 16:00:00,CAT_BEAUTY-406, $217.36 ,2.0,3.6,37.0,Beograd
TXN-11133,2025-05-23 03:00:00,CAT_HOME-483,$82.59,1.0,1.9,47.0,Beograd
TXN-11134,2025-02-13 14:00:00,CAT_BEAUTY-859,101.86,1.0,1.6,26.0,Niš
TXN-11135,2025-07-05 10:00:00,CAT_BEAUTY-910, $460.08 ,1.0,4.4,62.0,Zrenjanin
TXN-11136,2025-12-26 16:00:00,CAT_ELEC-673,199.15,2.0,2.4,48.0,Zrenjanin
TXN-11137,2025-12-22 04:00:00,CAT_CLOTH-277,$323.92,1.0,1.3,29.0,Beograd
TXN-11138,2025-04-30 16:00:00,CAT_CLOTH-468,$38.63,1.0,3.0,33.0,Subotica
TXN-11139,2025-09-13 21:00:00,CAT_HOME-459,$22.06,1.0,1.8,44.0,Zrenjanin
TXN-11140,2025-11-21 22:00:00,CAT_ELEC-592,452.49$,5.0,1.8,33.0,Niš
TXN-11141,2025-06-07 13:00:00,CAT_BEAUTY-363, $459.27 ,1.0,1.6,18.0,Subotica
TXN-11142,2025-09-04 22:00:00,CAT_CLOTH-799,$437.58,4.0,3.9,67.0,Niš
TXN-11143,,CAT_BOOKS-873,$445.32,1.0,1.3,62.0,Subotica
TXN-11144,2025-08-16 11:00:00,CAT_BEAUTY-959, $49.27 ,10.0,2.3,47.0,Niš
TXN-11145,2025-08-14 04:00:00,CAT_BEAUTY-242, $419.2 ,3.0,3.3,50.0,Kragujevac
TXN-11146,2025-02-04 00:00:00,CAT_BEAUTY-693, $312.68 ,1.0,3.6,36.0,Beograd
TXN-11147,2025-12-13 00:00:00,CAT_HOME-749, $242.11 ,1.0,1.7,40.0,Kragujevac
TXN-11148,2025-09-04 14:00:00,CAT_HOME-621,199.5$,2.0,3.7,61.0,Niš
TXN-11149,NEVAŽEĆI_DATUM,CAT_BEAUTY-544,$211.28,4.0,2.5,53.0,Beograd
TXN-11150,2025-03-20 06:00:00,CAT_BOOKS-995,$156.08,1.0,3.1,41.0,Kragujevac
TXN-11151,2025-07-21 04:00:00,CAT_HOME-636,$312.57,5.0,1.7,30.0,Kragujevac
TXN-11152,2025-01-24 16:00:00,CAT_BOOKS-653,$112.49,1.0,2.7,50.0,Novi Sad
TXN-11153,2025-12-19 14:00:00,CAT_ELEC-159,$370.19,1.0,1.2,34.0,Subotica
TXN-11154,2025-06-07 00:00:00,CAT_ELEC-245,336.85$,5.0,4.0,40.0,Novi Sad
TXN-11155,2025-12-31 20:00:00,CAT_HOME-714,340.09$,1.0,1.8,50.0,Niš
TXN-11156,2025-05-28 03:00:00,CAT_BOOKS-701,85.93,1.0,1.2,57.0,Novi Sad
TXN-11157,2025-08-25 06:00:00,CAT_HOME-178,371.23$,2.0,2.1,64.0,Zrenjanin
TXN-11158,2025-01-31 09:00:00,CAT_HOME-493,$380.69,1.0,4.1,31.0,Zrenjanin
TXN-11159,2025-01-25 15:00:00,CAT_CLOTH-578,$320.16,1.0,3.4,24.0,Kragujevac
TXN-11160,2025-09-05 16:00:00,CAT_ELEC-608, $331.12 ,1.0,1.8,34.0,Zrenjanin
TXN-11161,2025-10-09 19:00:00,CAT_CLOTH-355,319.61$,2.0,4.3,38.0,Kragujevac
TXN-11162,2025-07-26 17:00:00,CAT_HOME-525,65.64$,2.0,2.9,48.0,Zrenjanin
TXN-11163,2025-01-24 22:00:00,CAT_ELEC-352,195.28$,1.0,1.7,33.0,Kragujevac
TXN-11164,2025-08-29 20:00:00,CAT_CLOTH-760,$459.69,1.0,2.1,55.0,Subotica
TXN-11165,2025-02-21 10:00:00,CAT_ELEC-953,$305.39,1.0,4.8,25.0,Beograd
TXN-11166,2025-02-21 11:00:00,CAT_ELEC-377, $411.89 ,2.0,3.7,51.0,
TXN-11167,2025-09-19 01:00:00,CAT_CLOTH-301,222.51,3.0,3.5,49.0,Beograd
TXN-11168,2025-05-30 18:00:00,CAT_BOOKS-455, $295.94 ,1.0,3.0,61.0,Niš
TXN-11169,2025-03-14 02:00:00,CAT_ELEC-868,202.3$,1.0,4.5,64.0,Kragujevac
TXN-11170,2025-08-07 17:00:00,CAT_ELEC-997,42.65$,1.0,2.2,40.0,Subotica
TXN-11171,2025-07-26 09:00:00,CAT_BOOKS-500,97.46$,1.0,1.8,45.0,Zrenjanin
TXN-11172,2025-01-19 03:00:00,CAT_HOME-394,477.18$,1.0,3.0,57.0,Beograd
TXN-11173,2025-09-20 09:00:00,CAT_CLOTH-238,131.8,2.0,2.7,51.0,Novi Sad
TXN-11174,,CAT_BEAUTY-546,245.8,2.0,3.9,34.0,Beograd
TXN-11175,2025-02-20 14:00:00,CAT_BOOKS-940,342.61$,1.0,2.7,69.0,Beograd
TXN-11176,2025-12-29 02:00:00,CAT_BOOKS-778, $299.63 ,1.0,3.6,44.0,Subotica
TXN-11177,2025-03-13 04:00:00,CAT_HOME-927,366.56,3.0,3.7,64.0,Novi Sad
TXN-11178,2025-09-18 18:00:00,CAT_BEAUTY-115,45.2$,1.0,1.1,29.0,Kragujevac
TXN-11179,2025-12-29 05:00:00,CAT_HOME-988,75.92,2.0,4.2,30.0,Subotica
TXN-11180,2025-05-21 01:00:00,CAT_HOME-329,125.57$,2.0,3.7,27.0,Subotica
TXN-11181,2025-10-21 19:00:00,CAT_CLOTH-575,392.32$,3.0,1.3,20.0,Zrenjanin
TXN-11182,2025-09-26 11:00:00,CAT_BOOKS-144, $281.56 ,2.0,2.4,44.0,Zrenjanin
TXN-11183,2025-12-18 21:00:00,CAT_BOOKS-175,53.27,2.0,3.6,25.0,Beograd
TXN-11184,2025-10-31 03:00:00,CAT_HOME-602,$361.17,1.0,2.2,64.0,Niš
TXN-11185,NEVAŽEĆI_DATUM,CAT_BEAUTY-722, $25.08 ,1.0,2.0,27.0,Zrenjanin
TXN-11186,2025-03-11 08:00:00,CAT_CLOTH-156,$133.43,1.0,1.1,18.0,Niš
TXN-11187,2025-11-16 20:00:00,CAT_HOME-365, $470.37 ,1.0,2.8,20.0,Zrenjanin
TXN-11188,2025-05-09 11:00:00,CAT_ELEC-692,$241.5,1.0,1.0,20.0,Niš
TXN-11189,2025-12-17 11:00:00,CAT_BEAUTY-364,300.63$,1.0,3.5,22.0,Novi Sad
TXN-11190,2025-08-17 03:00:00,CAT_CLOTH-748,396.57,1.0,3.9,65.0,Beograd
TXN-11191,2025-03-03 22:00:00,CAT_BOOKS-998,,1.0,1.9,68.0,Kragujevac
TXN-11192,2025-06-07 05:00:00,CAT_BOOKS-392, $434.24 ,2.0,4.8,51.0,Subotica
TXN-11193,2025-09-19 19:00:00,CAT_BOOKS-648,$158.35,1.0,1.6,46.0,Subotica
TXN-11194,2025-02-19 20:00:00,CAT_CLOTH-755,162.53$,1.0,1.2,57.0,Zrenjanin
TXN-11195,2025-09-25 17:00:00,CAT_HOME-687, $367.35 ,2.0,,37.0,Niš
TXN-11196,2025-04-29 14:00:00,CAT_BEAUTY-737,111.19,1.0,2.0,64.0,Kragujevac
TXN-11197,2025-04-08 16:00:00,CAT_BOOKS-871,499.44$,1.0,2.1,55.0,Beograd
TXN-11198,2025-12-03 04:00:00,CAT_ELEC-513,$105.1,4.0,3.6,49.0,Zrenjanin
TXN-11199,2025-09-16 08:00:00,CAT_CLOTH-819,299.45,1.0,4.1,29.0,Beograd
,,,,,,,
,,,,,,,
,,,,,,,
,,,,,,,
,,,,,,,
,,,,,,,
,,,,,,,
,,,,,,,
,,,,,,,
,,,,,,,
,,,,,,,
,,,,,,,
,,,,,,,
,,,,,,,
,,,,,,,
TXN-10873,2025-11-23 12:00:00,CAT_ELEC-675,,2.0,1.7,45.0,Zrenjanin
TXN-10861,2025-08-30 12:00:00,CAT_BEAUTY-122,202.2,1.0,4.5,49.0,Subotica
TXN-11010,2025-08-04 13:00:00,CAT_ELEC-567, $403.24 ,10.0,4.5,26.0,
TXN-10508,2025-03-15 07:00:00,CAT_CLOTH-133,342.12,2.0,4.2,30.0,Niš
TXN-11123,2025-02-08 08:00:00,CAT_ELEC-417, $487.61 ,1.0,2.9,31.0,Zrenjanin
TXN-10783,2025-08-30 04:00:00,CAT_CLOTH-544,205.96$,1.0,3.2,61.0,Novi Sad
TXN-10083,2025-01-30 06:00:00,CAT_BEAUTY-297,263.31$,2.0,2.6,58.0,
TXN-10216,2025-07-28 00:00:00,CAT_BEAUTY-904,$25.45,1.0,4.3,40.0,Beograd
TXN-11182,2025-09-26 11:00:00,CAT_BOOKS-144, $281.56 ,2.0,2.4,44.0,Zrenjanin
TXN-10693,2025-05-31 01:00:00,CAT_HOME-272,322.81,3.0,2.8,58.0,Kragujevac
TXN-10869,2025-04-26 06:00:00,CAT_CLOTH-827, $358.6 ,2.0,3.2,47.0,Subotica
TXN-11162,2025-07-26 17:00:00,CAT_HOME-525,65.64$,2.0,2.9,48.0,Zrenjanin
TXN-10381,2025-11-10 07:00:00,CAT_ELEC-257,412.82,1.0,4.5,45.0,Beograd
TXN-11145,2025-08-14 04:00:00,CAT_BEAUTY-242, $419.2 ,3.0,3.3,50.0,Kragujevac
TXN-10790,,CAT_HOME-584,155.96,3.0,4.4,43.0,Niš
TXN-10400,2025-12-31 21:00:00,CAT_HOME-814,363.6$,5.0,3.0,34.0,Subotica
TXN-10201,2025-10-22 00:00:00,CAT_HOME-568, $183.04 ,1.0,1.3,66.0,Novi Sad
TXN-10582,2025-02-06 15:00:00,CAT_HOME-204,186.21,2.0,3.2,20.0,Niš
TXN-11068,2025-12-26 14:00:00,CAT_ELEC-572,80.27,1.0,3.7,27.0,Novi Sad
TXN-10096,2025-07-12 12:00:00,CAT_ELEC-949,403.08,1.0,3.7,24.0,Kragujevac
TXN-10539,NEVAŽEĆI_DATUM,CAT_CLOTH-676,$185.5,2.0,4.6,66.0,Kragujevac
TXN-10160,2025-04-06 16:00:00,CAT_HOME-920,52.03$,1.0,2.4,54.0,Zrenjanin
TXN-10643,NEVAŽEĆI_DATUM,CAT_HOME-284,59.37$,1.0,4.6,19.0,Subotica
TXN-10852,2025-10-02 02:00:00,CAT_CLOTH-148,78.8$,2.0,2.2,52.0,Zrenjanin
TXN-10185,2025-03-01 00:00:00,CAT_BOOKS-356,230.89$,2.0,1.3,35.0,Subotica
TXN-10616,2025-12-25 17:00:00,CAT_HOME-432,63.02$,5.0,2.1,40.0,Novi Sad
TXN-10917,NEVAŽEĆI_DATUM,CAT_HOME-513,47.18,1.0,3.7,65.0,Novi Sad
TXN-10715,2025-12-31 07:00:00,CAT_HOME-890,$350.25,2.0,4.5,30.0,Beograd
TXN-10552,2025-01-12 00:00:00,CAT_CLOTH-767,156.32$,1.0,2.5,32.0,Zrenjanin
TXN-10787,2025-09-01 07:00:00,CAT_HOME-544, $415.78 ,1.0,3.2,50.0,Subotica
TXN-10015,2025-10-01 11:00:00,CAT_BOOKS-356,208.1$,2.0,5.0,58.0,Zrenjanin
TXN-10317,2025-10-09 20:00:00,CAT_CLOTH-468,128.99,1.0,4.8,68.0,Zrenjanin
TXN-11163,2025-01-24 22:00:00,CAT_ELEC-352,195.28$,1.0,1.7,33.0,Kragujevac
TXN-10152,2025-09-21 10:00:00,CAT_HOME-140,$491.0,1.0,3.1,36.0,Zrenjanin
TXN-11036,2025-04-02 01:00:00,CAT_BEAUTY-577, $222.11 ,5.0,2.3,51.0,Niš
TXN-10599,2025-07-10 15:00:00,CAT_CLOTH-428,$135.32,10.0,2.7,54.0,Novi Sad
TXN-10492,2025-06-04 10:00:00,CAT_HOME-225,287.4$,4.0,3.5,62.0,Subotica
TXN-11016,2025-12-24 19:00:00,CAT_HOME-710,466.21$,1.0,4.5,41.0,Subotica
TXN-10279,2025-03-10 02:00:00,CAT_HOME-538, $348.31 ,3.0,1.8,43.0,Zrenjanin
TXN-10702,2025-01-17 07:00:00,CAT_CLOTH-270, $408.95 ,1.0,4.8,49.0,Zrenjanin
