Senzor_ID,Tip_Senzora,Vrednost,Status_Baterije,Datum_Očitavanja,Lokacija
SNZ-101,Temperatura,24.405935339835448,0.8553246320819996,2026-03-18 00:00:00,Centar
SNZ-135,CO2,34.362451755818626,72.39652110985976,2026-01-10 00:00:00,Centar
SNZ-140,CO2,50.272774434862285,91.4026265264405,2026-01-06 00:00:00,Park
SNZ-109,Temperatura,37.35249714900096,32.10762578786005,2026-04-10 00:00:00,Most
SNZ-140,Pritisak,13.872809038095303,76.16790200373275,2026-03-29 00:00:00,Centar
SNZ-118,Temperatura,44.18359398978723,25.301421226996943,2026-05-01 00:00:00,Most
SNZ-104,Vlažnost,24.528344236954766,40.04737307236024,2026-02-16 00:00:00,Most
SNZ-105,CO2,-10.879248976947025,30.040804787293663,2026-02-07 00:00:00,Tunel
SNZ-101,CO2,27.06387208877632,77.1987632442379,2026-05-08 00:00:00,Centar
SNZ-123,Pritisak,51.0542022767769,41.89418292879644,2026-02-28 00:00:00,Park
SNZ-135,Pritisak,16.01218168751398,75.3632284218756,2026-15-05,Tunel
SNZ-149,Temperatura,,97.80688455537862,2026-04-06 00:00:00,Most
SNZ-101,Temperatura,18.487243315056055,67.02033581075246,2026-15-05,Tunel
SNZ-148,CO2,21.835970431210104,97.54898044548764,2026-15-05,Centar
SNZ-129,Pritisak,,8.039568227512161,2026-03-24 00:00:00,Most
SNZ-138,Temperatura,8.839363992137272,54.68454103774894,2026-02-17 00:00:00,Park
SNZ-143,Vlažnost,19.50175122759817,67.53810696551122,2026-05-16 00:00:00,Tunel
SNZ-123,Temperatura,29.891234615617822,3.889852802232807,2026-04-09 00:00:00,Centar
SNZ-102,Pritisak,40.375230628595396,19.242961797869718,2026-03-06 00:00:00,Tunel
SNZ-100,Vlažnost,13.645983725459095,49.512580211517,2026-05-15 00:00:00,Most
SNZ-112,Pritisak,48.16931862363839,13.760075276039407,2026-03-23 00:00:00,Industrijska zona
SNZ-140,Vlažnost,19.16427754597248,19.254299063156655,2026-01-13 00:00:00,Most
SNZ-108,Pritisak,13.322696122526814,52.37297786777803,2026-05-09 00:00:00,Centar
SNZ-120,CO2,27.348098842553252,82.39679091794486,2026-03-26 00:00:00,Centar
SNZ-139,Pritisak,1.489224226032917,0.03332723075979427,2026-05-07 00:00:00,Centar
SNZ-115,Vlažnost,26.903485568321226,19.60865252214442,2026-02-17 00:00:00,Park
SNZ-147,Vlažnost,29.237752453484863,64.08449145759121,2026-02-23 00:00:00,Centar
SNZ-127,CO2,18.455822576086447,46.31945446538046,2026-03-04 00:00:00,Tunel
SNZ-137,CO2,43.55552890353391,71.99250431594061,2026-03-15 00:00:00,Centar
SNZ-146,CO2,29.85666822834762,66.00026009999436,2026-03-18 00:00:00,Tunel
SNZ-136,Temperatura,42.57078459166722,85.97834680923509,2026-01-26 00:00:00,Centar
SNZ-144,CO2,16.4940887841444,18.644074011585833,2026-02-08 00:00:00,Park
SNZ-117,CO2,38.707759714235905,46.87553946487488,2026-03-02 00:00:00,Tunel
SNZ-109,Temperatura,23.291237160870217,75.81325884751168,2026-03-26 00:00:00,Park
SNZ-132,Pritisak,6.4362610305157375,7.246681221363249,2026-03-08 00:00:00,Tunel
SNZ-121,Vlažnost,20.757748526500688,20.884889526682638,2026-05-14 00:00:00,Most
SNZ-147,Pritisak,25.347798062959967,17.471048663883458,2026-04-29 00:00:00,Industrijska zona
SNZ-141,Pritisak,66.57805604040331,91.35773449017466,2026-01-08 00:00:00,Most
SNZ-135,Pritisak,21.162014903936008,24.844373233387383,2026-04-21 00:00:00,Tunel
SNZ-119,Temperatura,-27.40106352795106,53.01340154930306,2026-05-21 00:00:00,Most
SNZ-122,Pritisak,21.427149064230136,60.06051225573602,2026-05-14 00:00:00,Most
SNZ-126,Pritisak,24.380991443284262,73.69327105486879,2026-05-02 00:00:00,Industrijska zona
SNZ-105,Vlažnost,17.8334385937351,58.30404551185608,2026-01-21 00:00:00,Park
SNZ-112,CO2,36.766362232044685,15.332839704255829,2026-05-11 00:00:00,Centar
SNZ-132,Temperatura,36.10399456679913,11.950427350995652,2026-04-07 00:00:00,Most
SNZ-127,Vlažnost,38.41032121306162,74.99092038485735,2026-01-06 00:00:00,Centar
SNZ-101,Pritisak,14.863980454778996,80.03281797664758,2026-03-11 00:00:00,Park
SNZ-144,CO2,28.23871819561057,25.233919188356523,2026-02-28 00:00:00,Industrijska zona
SNZ-111,Pritisak,24.610274823311983,83.65648304991122,2026-01-24 00:00:00,Tunel
SNZ-111,Temperatura,7.7547396243383595,82.85537168393581,2026-05-16 00:00:00,Industrijska zona
SNZ-129,Pritisak,14.286746668298003,19.63955692178412,2026-03-15 00:00:00,Industrijska zona
SNZ-131,Vlažnost,23.534385598898425,11.277850722637083,2026-04-26 00:00:00,Centar
SNZ-149,Temperatura,58.60171420420906,73.24070003631837,2026-05-02 00:00:00,Tunel
SNZ-141,CO2,3.028994854064301,38.34761612765655,2026-03-10 00:00:00,Tunel
SNZ-133,Pritisak,27.69085934036199,79.84102817200987,2026-01-20 00:00:00,Tunel
SNZ-112,Pritisak,7.819327885120856,92.39032067320385,2026-05-23 00:00:00,Most
SNZ-113,Temperatura,10.678426174837046,80.20033087867554,2026-05-24 00:00:00,Most
SNZ-112,Pritisak,48.64495901515264,44.86614039035102,2026-04-12 00:00:00,Industrijska zona
SNZ-135,Pritisak,-4.188402457466388,90.84886932866785,2026-03-26 00:00:00,Most
SNZ-124,CO2,,81.26799421527402,2026-03-13 00:00:00,Industrijska zona
SNZ-140,Pritisak,25.80486300409663,68.04910036965087,2026-03-28 00:00:00,Tunel
SNZ-109,Vlažnost,10.008828533993825,32.464519886325405,2026-05-02 00:00:00,Park
SNZ-140,Pritisak,31.716132424793134,41.35554253143462,2026-02-17 00:00:00,Tunel
SNZ-111,CO2,43.796862158357285,18.94705108418989,2026-01-09 00:00:00,Centar
SNZ-100,Temperatura,25.519374467463443,0.6514098910578192,2026-05-14 00:00:00,Most
SNZ-123,Pritisak,25.289142027580347,99.26446603678083,2026-05-29 00:00:00,Most
SNZ-111,Temperatura,15.3758759593035,15.610758179093542,2026-01-27 00:00:00,Most
SNZ-135,Temperatura,9.766055633931966,14.5510117986818,2026-05-12 00:00:00,Park
SNZ-148,Pritisak,16.941257495146978,82.24207357366718,2026-02-07 00:00:00,Centar
SNZ-138,CO2,35.8542794664512,86.28343363479517,2026-01-14 00:00:00,Tunel
SNZ-148,CO2,52.575617494595626,-99.0,2026-04-26 00:00:00,Industrijska zona
SNZ-102,CO2,14.606525977944852,11.897604875824474,2026-03-01 00:00:00,Most
SNZ-142,Pritisak,14.536690411577021,44.82357228196824,2026-01-29 00:00:00,Tunel
SNZ-119,Pritisak,8.808514874848704,57.7048338110125,2026-01-30 00:00:00,Tunel
SNZ-118,Temperatura,29.28745284267319,38.408132817325416,2026-04-21 00:00:00,Tunel
SNZ-140,Pritisak,37.14826558990051,15.466774432080543,2026-04-07 00:00:00,Tunel
SNZ-127,Vlažnost,,39.252864365185715,2026-05-19 00:00:00,Centar
SNZ-135,Pritisak,38.34021823599246,43.65666375555078,2026-05-15 00:00:00,Centar
SNZ-145,Pritisak,30.695751616658306,48.075315335318656,2026-04-29 00:00:00,Park
SNZ-129,Vlažnost,2.508865787180035,41.51412612088653,2026-02-22 00:00:00,Tunel
SNZ-121,CO2,11.89178541074503,90.5059161447393,2026-04-03 00:00:00,Centar
SNZ-141,Pritisak,,75.62106452331084,2026-01-27 00:00:00,Most
SNZ-144,Temperatura,-14.937154065518271,43.321255041572606,2026-15-05,Park
SNZ-136,Temperatura,34.080558516942034,65.56844348050001,2026-02-02 00:00:00,Tunel
SNZ-133,Pritisak,32.94136056376994,32.34268729433059,2026-05-09 00:00:00,Industrijska zona
SNZ-145,Vlažnost,35.03637178856422,0.07503020602844801,2026-03-02 00:00:00,Park
SNZ-129,Pritisak,14.32934066575238,32.68437275227583,2026-05-22 00:00:00,Tunel
SNZ-131,Temperatura,26.68124151595154,81.93260848060628,2026-03-06 00:00:00,Centar
SNZ-111,CO2,16.29801391253845,3.720021874168522,2026-04-25 00:00:00,Industrijska zona
SNZ-130,Temperatura,31.397603479652027,99.99110317261321,2026-02-04 00:00:00,Tunel
SNZ-111,Vlažnost,42.23210821449578,79.90426288630056,2026-03-17 00:00:00,Industrijska zona
SNZ-144,Pritisak,1.527600816305121,9.617394766596831,2026-03-04 00:00:00,Centar
SNZ-136,Pritisak,35.28708533371791,98.20305724065113,2026-01-14 00:00:00,Most
SNZ-141,Vlažnost,19.135568356526356,58.81197882794116,2026-01-28 00:00:00,Park
SNZ-123,Pritisak,24.984885174043487,43.58248032700044,2026-02-06 00:00:00,Tunel
SNZ-130,Temperatura,11.98482832669818,11.801584671531607,2026-02-06 00:00:00,Tunel
SNZ-127,Temperatura,16.991648300032843,60.88458362799383,2026-05-08 00:00:00,Most
SNZ-137,CO2,51.00580816519227,40.42149029786667,2026-01-22 00:00:00,Centar
SNZ-123,Vlažnost,46.58391067975633,9.413601728075982,2026-01-14 00:00:00,Industrijska zona
SNZ-142,CO2,41.02146034512583,11.918434092598119,2026-03-04 00:00:00,Park
SNZ-127,Temperatura,15.727260635451913,92.83166717429414,2026-01-29 00:00:00,Tunel
SNZ-137,CO2,45.72848816283884,82.5040258451691,2026-02-22 00:00:00,Industrijska zona
SNZ-132,Pritisak,14.397527041530708,36.5540106893816,2026-01-01 00:00:00,Most
SNZ-103,Pritisak,14.725963377138743,49.41161107132558,2026-02-19 00:00:00,Tunel
SNZ-107,Pritisak,18.799804114988092,64.22110482887071,2026-02-08 00:00:00,Industrijska zona
SNZ-128,Vlažnost,15.664217738547462,94.18128772304335,2026-05-13 00:00:00,Industrijska zona
SNZ-145,Pritisak,14.484459985258658,46.47211783602222,2026-01-11 00:00:00,Tunel
SNZ-141,Temperatura,-14.519431100262558,1.463593723352563,2026-05-02 00:00:00,Most
SNZ-105,Temperatura,16.272224568868282,93.17423016999982,2026-01-20 00:00:00,Centar
SNZ-145,Vlažnost,18.763462064268857,-99.0,2026-03-25 00:00:00,Tunel
SNZ-139,Temperatura,23.52660126455372,7.429628399140864,2026-03-18 00:00:00,Tunel
SNZ-148,Vlažnost,30.301166890542014,29.738309782430118,2026-03-18 00:00:00,Centar
SNZ-114,Temperatura,-6.454587715262729,32.39527952530617,2026-01-04 00:00:00,Centar
SNZ-134,Vlažnost,35.472199866440675,41.22171703888533,2026-01-05 00:00:00,Most
SNZ-135,Pritisak,-2.979500690922581,89.12003754050701,2026-03-08 00:00:00,Park
SNZ-132,CO2,17.625738043848006,22.43900897444555,2026-03-17 00:00:00,Most
SNZ-140,CO2,,4.655242595731391,2026-03-29 00:00:00,Park
SNZ-127,Pritisak,23.711096401045165,74.24148902826336,2026-04-04 00:00:00,Park
SNZ-100,Pritisak,6.979577547659332,44.04947980103567,2026-03-09 00:00:00,Industrijska zona
SNZ-114,Temperatura,30.591224140001586,21.56237768250464,2026-03-11 00:00:00,Centar
SNZ-141,CO2,27.54485670406894,15.50700009802094,2026-15-05,Tunel
SNZ-132,Pritisak,32.89654675518287,24.738727477986643,2026-02-02 00:00:00,Industrijska zona
SNZ-136,CO2,25.40984391370459,15.714658422944916,2026-05-27 00:00:00,Centar
SNZ-127,Pritisak,-0.8233463739313223,29.802863744344098,2026-04-26 00:00:00,Park
SNZ-117,Pritisak,,89.93204147677774,2026-01-25 00:00:00,Industrijska zona
SNZ-113,Vlažnost,14.070649120815217,27.57080656101689,2026-05-13 00:00:00,Centar
SNZ-148,CO2,,68.17453958529708,2026-05-13 00:00:00,Centar
SNZ-125,Temperatura,23.537983296783985,36.54962300976895,2026-01-10 00:00:00,Tunel
SNZ-110,CO2,15.491661453307447,0.8631199126703848,2026-02-21 00:00:00,Industrijska zona
SNZ-131,Temperatura,39.408378985818025,97.95324153084366,2026-02-17 00:00:00,Industrijska zona
SNZ-126,CO2,24.41994033924851,81.06258630455648,2026-01-03 00:00:00,Park
SNZ-122,Pritisak,14.654993791297295,72.8763691636849,2026-03-16 00:00:00,Tunel
SNZ-110,Vlažnost,38.8717060973448,77.71757265473121,2026-02-07 00:00:00,Tunel
SNZ-144,Temperatura,26.891760833440475,89.5114913058062,2026-03-05 00:00:00,Park
SNZ-133,Temperatura,36.1041430106367,90.5703488875461,2026-02-20 00:00:00,Tunel
SNZ-138,Temperatura,22.558101326890046,30.52983507826189,2026-05-19 00:00:00,Centar
SNZ-118,Vlažnost,2.9223697736788914,67.64412997069033,2026-04-04 00:00:00,Industrijska zona
SNZ-113,Temperatura,-1.3044167096759232,21.60288575232121,2026-03-15 00:00:00,Most
SNZ-127,CO2,28.00646355893818,42.555024718402244,2026-02-05 00:00:00,Industrijska zona
SNZ-102,Vlažnost,19.720014083767765,93.44604709422474,2026-03-23 00:00:00,Industrijska zona
SNZ-139,Temperatura,2.560759813909172,77.3082699029844,2026-05-03 00:00:00,Park
SNZ-134,Pritisak,60.877137830086774,94.60293486536085,2026-04-22 00:00:00,Park
SNZ-103,CO2,11.052980096538791,69.43308559258047,2026-03-20 00:00:00,Centar
SNZ-115,Temperatura,34.27864974866035,76.22616332927207,2026-02-01 00:00:00,Park
SNZ-130,Vlažnost,28.437507386562423,9.635992788090553,2026-03-07 00:00:00,Most
SNZ-129,Temperatura,34.06084696780334,56.36589048034348,2026-05-26 00:00:00,Industrijska zona
SNZ-110,Pritisak,45.38488453886321,59.01171513501783,2026-02-21 00:00:00,Tunel
SNZ-134,Temperatura,9.119232779122312,45.470539394870904,2026-05-07 00:00:00,Centar
SNZ-126,Pritisak,36.35324023334544,54.06188636345195,2026-03-30 00:00:00,Centar
SNZ-106,Pritisak,39.933816266462266,86.90346056108145,2026-01-06 00:00:00,Tunel
SNZ-133,Pritisak,38.484082715015404,84.9517128616869,2026-05-29 00:00:00,Centar
SNZ-111,Temperatura,18.327457439056005,44.031102263506185,2026-03-29 00:00:00,Centar
SNZ-130,CO2,-9.653924547723037,67.25781794082882,2026-02-25 00:00:00,Tunel
SNZ-106,Vlažnost,25.650287783547743,78.03893652859438,2026-02-08 00:00:00,Tunel
SNZ-115,Vlažnost,24.514775192183023,16.6716046262559,2026-03-01 00:00:00,Centar
SNZ-131,Pritisak,0.38860424202072963,9.64960143183018,2026-05-30 00:00:00,Park
SNZ-103,Pritisak,50.66636074693453,0.9618694986054277,2026-06-01 00:00:00,Industrijska zona
SNZ-111,CO2,31.57170753331978,83.53456889887498,2026-02-22 00:00:00,Most
SNZ-128,Pritisak,21.450045175366736,96.60381357322719,2026-01-23 00:00:00,Industrijska zona
SNZ-106,CO2,52.110647011578166,35.36974964640862,2026-03-21 00:00:00,Most
SNZ-107,CO2,2.154136882633704,54.61896293188493,2026-04-30 00:00:00,Centar
SNZ-120,Temperatura,18.063990389322864,3.911224656371437,2026-05-31 00:00:00,Park
SNZ-141,CO2,23.207365049896918,47.6549592429856,2026-03-21 00:00:00,Park
SNZ-125,Temperatura,-2.297739485738564,64.92197798256308,2026-04-30 00:00:00,Centar
SNZ-134,Vlažnost,5.03588272433695,66.49735886185333,2026-01-07 00:00:00,Centar
SNZ-107,Pritisak,30.770211799002112,42.302340966329055,2026-05-16 00:00:00,Park
SNZ-121,Vlažnost,29.255683916226374,21.97655864469139,2026-01-21 00:00:00,Centar
SNZ-105,Temperatura,54.56293053061306,18.614623746691596,2026-03-25 00:00:00,Most
SNZ-130,Vlažnost,-11.952086432764652,90.30500142604299,2026-02-21 00:00:00,Park
SNZ-101,Pritisak,26.535434223408515,25.540729309017074,2026-05-09 00:00:00,Most
SNZ-121,CO2,5.989082061034708,-99.0,2026-02-11 00:00:00,Park
SNZ-148,Temperatura,40.47429510191767,95.67691344120011,2026-01-28 00:00:00,Tunel
SNZ-134,Vlažnost,14.43223542872209,16.292023876662164,2026-03-10 00:00:00,Tunel
SNZ-139,Pritisak,21.61599397088764,37.25419065497938,2026-03-07 00:00:00,Tunel
SNZ-100,Vlažnost,2.7234853721749523,85.98869076259662,2026-05-06 00:00:00,Centar
SNZ-106,Pritisak,48.27284666550928,69.50279159291864,2026-05-29 00:00:00,Park
SNZ-123,CO2,24.244879204415618,67.71273665139942,2026-01-03 00:00:00,Tunel
SNZ-118,Temperatura,31.976915129476758,0.7914438473590302,2026-05-12 00:00:00,Centar
SNZ-108,Pritisak,13.792345178518634,18.653189147533645,2026-02-23 00:00:00,Tunel
SNZ-122,TEMP,18.568341101851377,1.6576502655504366,2026-03-18 00:00:00,Most
SNZ-127,Temperatura,32.1053449025064,59.43669925601892,2026-06-01 00:00:00,Tunel
SNZ-104,Vlažnost,-10.188410295063818,51.55480676737872,2026-02-26 00:00:00,Park
SNZ-145,Vlažnost,13.777514766393328,91.60260750664177,2026-03-05 00:00:00,Most
SNZ-115,Pritisak,19.594652757075735,55.779378293183754,2026-02-18 00:00:00,Tunel
SNZ-132,Pritisak,15.28901332771592,70.41782027872397,2026-01-10 00:00:00,Most
SNZ-101,Vlažnost,49.84829912151893,96.27643649024937,2026-04-02 00:00:00,Most
SNZ-123,Pritisak,32.64833341866711,63.95637997411685,2026-02-23 00:00:00,Park
SNZ-116,Temperatura,29.879747840174854,25.951969252486894,2026-02-10 00:00:00,Centar
SNZ-121,Vlažnost,37.40792312735459,53.298104327474896,2026-05-12 00:00:00,Park
SNZ-111,Vlažnost,29.934968971925706,51.14840785271788,2026-02-10 00:00:00,Tunel
SNZ-103,CO2,30.50604940284949,24.173724061669354,2026-04-02 00:00:00,Tunel
SNZ-130,Pritisak,32.139280729412405,90.67807267718707,2026-05-06 00:00:00,Park
SNZ-119,CO2,18.388603729717993,43.46173152473551,2026-04-05 00:00:00,Park
SNZ-133,Vlažnost,16.110888374811037,28.868262111303533,2026-01-30 00:00:00,Most
SNZ-110,Temperatura,35.38765637650194,34.34703050283622,2026-03-23 00:00:00,Most
SNZ-114,CO2,23.380928586539504,50.24564645721916,2026-04-13 00:00:00,Park
SNZ-131,Pritisak,36.745362991508834,38.00226943363674,2026-01-24 00:00:00,Centar
SNZ-105,CO2,26.544699383295573,35.41095350763468,2026-01-29 00:00:00,Industrijska zona
SNZ-129,Vlažnost,30.132717525172655,72.52863811400829,2026-05-16 00:00:00,Park
SNZ-110,Vlažnost,24.84636636691752,46.187410975792545,2026-03-26 00:00:00,Industrijska zona
SNZ-116,Pritisak,22.6887599093314,39.43161681539473,2026-02-23 00:00:00,Industrijska zona
SNZ-148,Pritisak,32.4923223966742,42.078050109279594,2026-01-11 00:00:00,Most
SNZ-123,Temperatura,4.407452996552049,56.342610842823625,2026-04-09 00:00:00,Tunel
SNZ-100,Vlažnost,39.62071227955737,1.231813505856394,2026-03-29 00:00:00,Tunel
SNZ-107,Vlažnost,26.37921559670257,85.60862388216484,2026-03-01 00:00:00,Most
SNZ-123,CO2,26.857477244717746,26.353698437974373,2026-04-06 00:00:00,Industrijska zona
SNZ-136,Temperatura,4.736729395213558,43.21890856935037,2026-02-02 00:00:00,Most
SNZ-147,Pritisak,11.404272408655386,57.40901309607857,2026-03-01 00:00:00,Most
SNZ-148,Temperatura,19.6866695843571,61.71603894533558,2026-05-16 00:00:00,Industrijska zona
SNZ-141,Vlažnost,29.7866055298694,37.33651746309348,2026-01-20 00:00:00,Centar
SNZ-125,TEMP,41.769952723906904,-99.0,2026-02-03 00:00:00,Centar
SNZ-114,Vlažnost,51.22110382393771,44.78828052251297,2026-03-24 00:00:00,Park
SNZ-124,Temperatura,31.60969160858217,31.955044078100702,2026-03-17 00:00:00,Tunel
SNZ-118,Temperatura,51.49983162208147,25.33997221347376,2026-03-03 00:00:00,Centar
SNZ-100,Pritisak,47.79536205398355,40.89295456763713,2026-02-03 00:00:00,Most
SNZ-109,Vlažnost,26.962286490493444,99.61829105102879,2026-05-05 00:00:00,Most
SNZ-146,CO2,23.054624227550974,41.40013162014176,2026-01-28 00:00:00,Park
SNZ-101,Temperatura,30.59808310476798,22.536111055104847,2026-05-24 00:00:00,Park
SNZ-112,Vlažnost,28.195464979430895,24.82102950262418,2026-03-10 00:00:00,Tunel
SNZ-124,Vlažnost,,58.203468595827104,2026-04-22 00:00:00,Park
SNZ-131,Temperatura,55.592316567576916,84.33733909220743,2026-04-14 00:00:00,Centar
SNZ-139,Pritisak,25.099452712528105,13.70548275403226,2026-04-05 00:00:00,Industrijska zona
SNZ-137,Temperatura,28.29839439506332,75.10392363969653,2026-03-08 00:00:00,Most
SNZ-118,Temperatura,35.9917534714542,68.68289722275031,2026-01-17 00:00:00,Most
SNZ-102,Vlažnost,20.844376559397926,74.34317946091775,2026-05-31 00:00:00,Tunel
SNZ-130,Vlažnost,13.635750836834745,15.32836908320705,2026-01-14 00:00:00,Tunel
SNZ-116,CO2,21.443583025342193,33.27131887862046,2026-01-22 00:00:00,Tunel
SNZ-129,Vlažnost,4.521895020775506,88.30892217544341,2026-05-08 00:00:00,Park
SNZ-134,Pritisak,43.02530610224474,72.45061296461091,2026-01-06 00:00:00,Park
SNZ-118,Pritisak,19.367335044360008,9.040751556818961,2026-05-22 00:00:00,Industrijska zona
SNZ-105,CO2,7.304807244027948,54.50570090072668,2026-01-28 00:00:00,Park
SNZ-101,Vlažnost,3.3733822476580393,98.4828543883034,2026-04-03 00:00:00,Centar
SNZ-146,Pritisak,28.80567482999855,6.082652147906609,2026-02-07 00:00:00,Centar
SNZ-137,Vlažnost,13.093327329252604,22.94822412445515,2026-01-01 00:00:00,Park
SNZ-128,Vlažnost,19.464434967808547,67.58970770225487,2026-04-30 00:00:00,Most
SNZ-106,Vlažnost,17.230784024428083,45.06334556927767,2026-05-12 00:00:00,Tunel
SNZ-105,Pritisak,28.77720566738311,80.93587515245589,2026-03-17 00:00:00,Centar
SNZ-104,CO2,33.43241745610396,13.058045444348787,2026-01-18 00:00:00,Park
SNZ-135,Pritisak,0.8231308214298423,47.43063059724513,2026-01-30 00:00:00,Industrijska zona
SNZ-133,Temperatura,27.617225496758447,46.74447527243974,2026-03-05 00:00:00,Park
SNZ-125,Temperatura,10.666296887848459,-99.0,2026-02-12 00:00:00,Industrijska zona
SNZ-104,Pritisak,31.410116699397093,35.70939775553287,2026-05-25 00:00:00,Most
SNZ-142,Temperatura,42.48817759803458,29.255823274524662,2026-01-28 00:00:00,Most
SNZ-113,Pritisak,12.7252552995506,60.31860675434826,2026-02-04 00:00:00,Tunel
SNZ-129,CO2,33.376162796731265,19.96872488237028,2026-04-16 00:00:00,Centar
SNZ-112,CO2,29.09760032811154,7.16797837395704,2026-02-07 00:00:00,Industrijska zona
SNZ-108,CO2,18.425010364418632,36.30202334988171,2026-03-02 00:00:00,Industrijska zona
SNZ-146,Pritisak,48.31598462056745,64.84051795522267,2026-15-05,Tunel
SNZ-114,Vlažnost,20.443154471104968,53.78417370725824,2026-01-22 00:00:00,Most
SNZ-119,Temperatura,22.91489418897508,24.452572452002773,2026-03-03 00:00:00,Most
SNZ-113,CO2,28.748634976510658,20.95824689573986,2026-05-22 00:00:00,Centar
SNZ-147,CO2,8.172519031750774,7.475663027288515,2026-01-25 00:00:00,Tunel
SNZ-121,Temperatura,50.32918581857626,7.294517369008058,2026-02-20 00:00:00,Tunel
SNZ-142,Pritisak,,69.78223580933836,2026-06-01 00:00:00,Most
SNZ-111,CO2,31.901879157969955,94.52741701939887,2026-03-27 00:00:00,Tunel
SNZ-121,CO2,13.670209300395946,63.951433406291855,2026-01-02 00:00:00,Most
SNZ-138,CO2,17.274586027882275,54.17296322706559,2026-04-08 00:00:00,Park
SNZ-139,CO2,40.10527131000761,55.50888995414602,2026-03-10 00:00:00,Centar
SNZ-125,Pritisak,37.14466054520839,71.03392172388692,2026-03-23 00:00:00,Most
SNZ-106,Pritisak,5.413521844485388,57.12465168474219,2026-04-18 00:00:00,Industrijska zona
SNZ-127,Temperatura,41.28092843820215,-99.0,2026-01-17 00:00:00,Industrijska zona
SNZ-133,Temperatura,38.862366723465456,17.18093162345571,2026-05-07 00:00:00,Most
SNZ-140,Temperatura,25.188153481155634,57.43575896618983,2026-03-17 00:00:00,Tunel
SNZ-140,Pritisak,16.471290302134157,73.68849138005545,2026-04-24 00:00:00,Industrijska zona
SNZ-104,Temperatura,63.129653167355706,81.7527902329184,2026-01-26 00:00:00,Centar
SNZ-134,Pritisak,40.07171511922624,26.179951161191017,2026-03-01 00:00:00,Industrijska zona
SNZ-134,Pritisak,40.06518554016258,13.13895340889063,2026-03-18 00:00:00,Tunel
SNZ-138,Vlažnost,18.911947202131337,30.388166397504357,2026-02-09 00:00:00,Centar
SNZ-101,Vlažnost,45.948079347416225,95.29929705416926,2026-01-14 00:00:00,Tunel
SNZ-116,Pritisak,31.711783319074595,-99.0,2026-04-12 00:00:00,Park
SNZ-106,CO2,50.65243789728862,27.00081320352562,2026-04-22 00:00:00,Centar
SNZ-100,Vlažnost,39.260007946345794,62.47047529235705,2026-01-30 00:00:00,Centar
SNZ-121,Temperatura,-0.837445541533075,82.32665255784735,2026-04-23 00:00:00,Industrijska zona
SNZ-144,CO2,7.805359682509206,51.69202211131929,2026-04-17 00:00:00,Most
SNZ-101,Pritisak,8.566941975431302,81.22721289153348,2026-02-27 00:00:00,Most
SNZ-103,Pritisak,22.898654053485522,93.03648185033653,2026-01-22 00:00:00,Centar
SNZ-131,Temperatura,21.70026894111553,52.039127969879075,2026-04-27 00:00:00,Park
SNZ-105,CO2,31.81328581133909,18.25555383517987,2026-05-10 00:00:00,Most
SNZ-109,Vlažnost,5.671464230376305,65.39850166667637,2026-05-09 00:00:00,Industrijska zona
SNZ-133,Pritisak,43.39649731632139,8.966338163619092,2026-01-12 00:00:00,Centar
SNZ-126,Vlažnost,27.825843075984523,27.771462089226628,2026-04-19 00:00:00,Tunel
SNZ-123,Temperatura,33.05477159890724,11.877978152537217,2026-01-04 00:00:00,Centar
SNZ-149,CO2,18.700818896898454,75.62663973542172,2026-03-11 00:00:00,Most
SNZ-120,CO2,26.475455492128688,72.88961240245175,2026-01-22 00:00:00,Tunel
SNZ-140,Pritisak,32.18775921155357,38.96648690889381,2026-01-16 00:00:00,Centar
SNZ-145,Temperatura,21.92623619013674,67.1710720449889,2026-03-10 00:00:00,Tunel
SNZ-142,Pritisak,37.12979902193767,36.02677653677816,2026-04-13 00:00:00,Industrijska zona
SNZ-144,Vlažnost,1.673118579272625,61.77434089441142,2026-01-25 00:00:00,Industrijska zona
SNZ-113,CO2,36.3109042455337,26.262088414727813,2026-03-12 00:00:00,Industrijska zona
SNZ-126,CO2,23.969665753309048,81.26214791023529,2026-03-20 00:00:00,Centar
SNZ-138,Temperatura,23.30801609820613,74.54407798672806,2026-05-30 00:00:00,Centar
SNZ-112,CO2,10.360444672916266,76.47861532468873,2026-02-17 00:00:00,Park
SNZ-109,Temperatura,3.228142855985272,52.84922344825049,2026-01-12 00:00:00,Most
SNZ-146,Temperatura,29.553710295371495,49.2609649478869,2026-05-05 00:00:00,Centar
SNZ-113,Vlažnost,22.282187887532693,84.71989679188053,2026-01-28 00:00:00,Tunel
SNZ-100,Vlažnost,17.82975644295054,79.56744784290647,2026-05-19 00:00:00,Tunel
SNZ-127,Pritisak,1.1217438658484546,61.53254891585773,2026-05-22 00:00:00,Park
SNZ-117,Temperatura,37.2558281652979,46.907519924646515,2026-01-01 00:00:00,Industrijska zona
SNZ-112,Vlažnost,-4.4266990505880806,64.16004695976206,2026-05-27 00:00:00,Industrijska zona
SNZ-131,CO2,36.625258948732046,36.677829121448994,2026-03-16 00:00:00,Industrijska zona
SNZ-148,CO2,26.37191534723923,88.7504106718133,2026-04-14 00:00:00,Most
SNZ-146,Pritisak,28.392500032045497,96.00024823297736,2026-02-23 00:00:00,Park
SNZ-111,Vlažnost,45.353414749104815,60.01330180361219,2026-02-27 00:00:00,Industrijska zona
SNZ-126,Pritisak,6.699826744105554,36.91980268886318,2026-03-14 00:00:00,Park
SNZ-135,TEMP,29.86878280815919,3.5712310969489125,2026-05-08 00:00:00,Industrijska zona
SNZ-122,Temperatura,44.84875438050461,87.25025862291314,2026-03-05 00:00:00,Industrijska zona
SNZ-140,Temperatura,31.717349919657934,14.756667987429338,2026-05-11 00:00:00,Tunel
SNZ-104,Pritisak,,25.342219063219375,2026-02-13 00:00:00,Industrijska zona
SNZ-112,Temperatura,16.045109347077016,87.82141510373182,2026-05-26 00:00:00,Industrijska zona
SNZ-137,Vlažnost,27.703639630342764,73.63888717391805,2026-02-19 00:00:00,Industrijska zona
SNZ-141,Temperatura,29.742354865227803,65.20967079160769,2026-05-29 00:00:00,Centar
SNZ-131,Vlažnost,6.4749915225739265,38.452882794871556,2026-02-16 00:00:00,Industrijska zona
SNZ-137,Vlažnost,12.282998869865176,49.387877449274555,2026-03-17 00:00:00,Most
SNZ-138,Vlažnost,42.98604529727576,38.80714770033232,2026-03-01 00:00:00,Most
SNZ-118,Pritisak,48.0465903260732,21.816438150527915,2026-04-25 00:00:00,Park
SNZ-139,Temperatura,2.964262791240106,95.59859666598678,2026-04-29 00:00:00,Industrijska zona
SNZ-121,Vlažnost,16.433263395809867,74.33194762817745,2026-04-27 00:00:00,Most
SNZ-106,Temperatura,11.203329040889606,15.78633987100294,2026-02-21 00:00:00,Tunel
SNZ-121,Vlažnost,-4.701766841057278,45.449922778111784,2026-02-02 00:00:00,Most
SNZ-143,Temperatura,11.956575786317485,-99.0,2026-02-14 00:00:00,Most
SNZ-124,CO2,13.100360877001263,96.84251908551141,2026-01-13 00:00:00,Industrijska zona
SNZ-145,Vlažnost,15.671754472612394,41.45166048520539,2026-02-02 00:00:00,Most
SNZ-139,Vlažnost,3.3889603321248103,65.76981519598999,2026-05-24 00:00:00,Most
SNZ-142,Vlažnost,45.25840052039034,4.299789269425602,2026-15-05,Centar
SNZ-142,Temperatura,,40.592027346430136,2026-15-05,Centar
SNZ-112,Pritisak,2.2570255604104865,94.65208902052741,2026-02-04 00:00:00,Centar
SNZ-133,CO2,12.271143681456852,8.422999418491372,2026-05-31 00:00:00,Park
SNZ-132,Temperatura,9.456882338557957,62.782378618166504,2026-04-06 00:00:00,Most
SNZ-131,Vlažnost,25.51696133302332,60.1973193346808,2026-05-02 00:00:00,Tunel
SNZ-122,Vlažnost,24.533287948604347,4.685336156762232,2026-02-14 00:00:00,Park
SNZ-135,Pritisak,24.379165789750065,12.165758725978703,2026-04-06 00:00:00,Park
SNZ-103,CO2,17.197784293472722,82.71009519052267,2026-01-23 00:00:00,Most
SNZ-101,Vlažnost,6.207683745172961,7.252397299140368,2026-05-27 00:00:00,Tunel
SNZ-116,Pritisak,21.257836707961367,17.60352340256891,2026-02-15 00:00:00,Centar
SNZ-125,Vlažnost,36.04554492742359,38.89978710953444,2026-05-02 00:00:00,Tunel
SNZ-102,CO2,34.90972313709496,1.0591819968842953,2026-02-17 00:00:00,Industrijska zona
SNZ-104,Vlažnost,37.14922821359753,57.47616824787447,2026-01-23 00:00:00,Park
SNZ-104,CO2,-3.2614921322873904,48.914135496038334,2026-02-06 00:00:00,Most
SNZ-145,Temperatura,25.77571542880782,44.108314129014104,2026-05-20 00:00:00,Tunel
SNZ-119,Pritisak,36.13697371518444,51.939363906073844,2026-04-30 00:00:00,Centar
SNZ-103,Pritisak,30.59929516654293,33.15120148550649,2026-04-20 00:00:00,Industrijska zona
SNZ-112,Pritisak,27.6640731751135,81.99683355968291,2026-04-15 00:00:00,Park
SNZ-144,Temperatura,32.20478266338322,27.016466907800705,2026-04-23 00:00:00,Centar
SNZ-111,Temperatura,22.860578026600862,67.07729526008235,2026-03-09 00:00:00,Industrijska zona
SNZ-139,CO2,4.066186660905352,65.80698162821275,2026-04-23 00:00:00,Tunel
SNZ-147,Vlažnost,20.689892862374137,15.292909393251875,2026-01-15 00:00:00,Industrijska zona
SNZ-129,Vlažnost,52.6870857486204,29.41147627959573,2026-01-14 00:00:00,Most
SNZ-112,Pritisak,-4.558917959852025,82.31930545326124,2026-04-14 00:00:00,Park
SNZ-138,CO2,40.06996025543958,58.2794164632613,2026-04-30 00:00:00,Tunel
SNZ-101,Pritisak,14.495958156617467,55.096411206745024,2026-02-09 00:00:00,Most
SNZ-100,Pritisak,10.786520460611081,47.728842973656896,2026-05-20 00:00:00,Industrijska zona
SNZ-105,Vlažnost,12.800256494362515,24.984162089529406,2026-03-08 00:00:00,Park
SNZ-135,Vlažnost,,15.448814759481976,2026-05-04 00:00:00,Most
SNZ-104,Pritisak,27.130700300080832,26.030181252119768,2026-03-24 00:00:00,Park
SNZ-120,Vlažnost,31.945591379653496,77.78382941225952,2026-04-08 00:00:00,Centar
SNZ-148,Vlažnost,,27.035911005714297,2026-04-26 00:00:00,Industrijska zona
SNZ-110,Pritisak,16.382239376622316,10.75474343611813,2026-04-03 00:00:00,Park
SNZ-140,Temperatura,31.256887446141395,36.59301040990823,2026-04-07 00:00:00,Industrijska zona
SNZ-106,Temperatura,35.716704673098576,14.579283274672328,2026-03-28 00:00:00,Park
SNZ-120,Pritisak,23.372828515152563,35.23276125314154,2026-05-19 00:00:00,Tunel
SNZ-127,Pritisak,27.56324310173108,18.015207380122643,2026-03-31 00:00:00,Most
SNZ-127,Pritisak,19.586719960117357,30.255420077247162,2026-02-27 00:00:00,Most
SNZ-119,Vlažnost,27.520587710341687,44.14175009587014,2026-03-13 00:00:00,Tunel
SNZ-138,Temperatura,23.40232975752188,88.31436570033799,2026-01-04 00:00:00,Tunel
SNZ-102,Temperatura,14.17931066397472,88.13989991472097,2026-02-14 00:00:00,Park
SNZ-139,Vlažnost,19.3864049814579,72.09202384058044,2026-01-20 00:00:00,Tunel
SNZ-128,CO2,46.71565836761721,76.73016803807717,2026-01-15 00:00:00,Most
SNZ-131,Vlažnost,6.798579186545215,28.760178355561127,2026-05-10 00:00:00,Most
SNZ-101,Pritisak,-3.8442917589779704,80.29201136731439,2026-04-15 00:00:00,Park
SNZ-109,Temperatura,-2.377121181197637,37.40032754097962,2026-03-06 00:00:00,Park
SNZ-115,CO2,42.69303051571532,57.16292941381589,2026-05-10 00:00:00,Centar
SNZ-143,Vlažnost,39.773081109682124,5.834166697299825,2026-05-24 00:00:00,Tunel
SNZ-131,CO2,25.440738941598518,23.736786790025334,2026-03-04 00:00:00,Park
SNZ-147,CO2,17.888674064833985,89.73241015725398,2026-04-16 00:00:00,Park
SNZ-136,Pritisak,18.49302295877803,40.32161326398068,2026-05-28 00:00:00,Tunel
SNZ-131,CO2,29.18176801988794,51.52590426576376,2026-01-18 00:00:00,Tunel
SNZ-123,Pritisak,44.76760706117,92.73912991132494,2026-05-01 00:00:00,Park
SNZ-111,CO2,38.5522650176492,81.43782004918151,2026-01-13 00:00:00,Most
SNZ-104,Pritisak,21.646617821684824,42.25736350797544,2026-05-25 00:00:00,Industrijska zona
SNZ-115,Pritisak,40.82896364075714,34.049280608652346,2026-02-17 00:00:00,Industrijska zona
SNZ-105,Vlažnost,-0.3450992286796719,72.27063558037851,2026-03-17 00:00:00,Park
SNZ-141,CO2,24.02559454816743,32.702482012173995,2026-04-03 00:00:00,Centar
SNZ-115,CO2,0.7513873491604528,20.115631674183344,2026-05-25 00:00:00,Tunel
SNZ-142,Vlažnost,,85.13477341910932,2026-03-31 00:00:00,Centar
SNZ-144,Pritisak,24.37077760573639,-99.0,2026-04-15 00:00:00,Most
SNZ-126,Temperatura,18.19453691811168,47.35875427083589,2026-03-14 00:00:00,Tunel
SNZ-109,Pritisak,32.61396680040984,36.2718211331154,2026-03-13 00:00:00,Tunel
SNZ-136,Pritisak,36.53077200253968,50.794115944384814,2026-04-30 00:00:00,Industrijska zona
SNZ-144,CO2,9.253112357758972,82.19929819810461,2026-01-23 00:00:00,Tunel
SNZ-146,Vlažnost,41.42793557584693,10.123880394205075,2026-01-24 00:00:00,Most
SNZ-130,Vlažnost,36.159672884703284,-99.0,2026-05-04 00:00:00,Industrijska zona
SNZ-104,CO2,20.93671420266918,12.832480964318393,2026-03-28 00:00:00,Centar
SNZ-137,TEMP,68.18532489577386,2.292845492695783,2026-01-14 00:00:00,Tunel
SNZ-119,Vlažnost,11.653598931831448,92.8550634587932,2026-04-28 00:00:00,Most
SNZ-145,CO2,42.94402928226608,31.681026988414484,2026-03-08 00:00:00,Tunel
SNZ-122,Temperatura,29.05655101742947,46.5703865671949,2026-05-13 00:00:00,Park
SNZ-124,Temperatura,39.12772179013827,50.39183735054641,2026-05-02 00:00:00,Most
SNZ-127,Vlažnost,54.0817844558627,51.34212641457479,2026-04-29 00:00:00,Industrijska zona
SNZ-133,Vlažnost,47.49571219404482,59.14537606597996,2026-01-12 00:00:00,Most
SNZ-128,Pritisak,22.249428948484567,24.409570581354444,2026-01-27 00:00:00,Park
SNZ-121,Vlažnost,16.689675136290923,67.79630043574338,2026-04-03 00:00:00,Tunel
SNZ-132,Pritisak,9.488006746387063,22.475848581990178,2026-02-23 00:00:00,Tunel
SNZ-129,CO2,32.91887957241602,60.07749145034279,2026-02-04 00:00:00,Tunel
SNZ-104,CO2,15.546728516549265,32.198591122304045,2026-05-18 00:00:00,Centar
SNZ-137,Vlažnost,35.98213944001368,24.898791571570445,2026-02-24 00:00:00,Industrijska zona
SNZ-140,Temperatura,36.21667792979348,36.848119164097305,2026-01-26 00:00:00,Industrijska zona
SNZ-142,Temperatura,27.810186608418853,81.36404322767316,2026-01-07 00:00:00,Park
SNZ-121,Temperatura,20.73065862695939,70.43975478131121,2026-02-18 00:00:00,Industrijska zona
SNZ-108,Temperatura,40.552502114181394,64.67684007342824,2026-01-12 00:00:00,Tunel
SNZ-135,Temperatura,34.32038640938622,36.28996662161595,2026-03-25 00:00:00,Park
SNZ-117,Vlažnost,15.208822921721323,24.870275877333636,2026-04-17 00:00:00,Most
SNZ-123,Temperatura,21.34694568541068,64.81716105389589,2026-01-08 00:00:00,Centar
SNZ-146,Pritisak,0.7540766093301556,26.26959001583038,2026-02-13 00:00:00,Tunel
SNZ-133,Vlažnost,5.523390186971689,61.31802254068058,2026-04-24 00:00:00,Most
SNZ-131,CO2,7.3300684988778855,11.232962923999533,2026-04-15 00:00:00,Industrijska zona
SNZ-122,CO2,,62.84411867140508,2026-05-16 00:00:00,Park
SNZ-100,CO2,21.833578623291707,65.13207449887075,2026-04-21 00:00:00,Industrijska zona
SNZ-145,Temperatura,27.263793060704167,4.847718961190384,2026-04-25 00:00:00,Industrijska zona
SNZ-113,Vlažnost,29.991942135317505,51.266554202286464,2026-04-04 00:00:00,Park
SNZ-110,Vlažnost,23.88223901316321,29.61012097551268,2026-03-01 00:00:00,Industrijska zona
SNZ-142,Temperatura,28.057467929466736,67.85145766902494,2026-03-28 00:00:00,Industrijska zona
SNZ-119,Vlažnost,22.05146221915601,65.18883885687552,2026-04-03 00:00:00,Tunel
SNZ-116,CO2,33.019205777639016,61.483003114247246,2026-04-09 00:00:00,Tunel
SNZ-102,Vlažnost,24.972481942163625,89.86992553635052,2026-02-01 00:00:00,Centar
SNZ-128,CO2,,89.90641345669943,2026-04-07 00:00:00,Tunel
SNZ-105,CO2,28.498942675286962,33.9938197577569,2026-01-09 00:00:00,Centar
SNZ-145,Vlažnost,-1.2097195976154183,-99.0,2026-02-14 00:00:00,Industrijska zona
SNZ-114,CO2,22.12489623976325,81.5838146313581,2026-01-25 00:00:00,Most
SNZ-143,Pritisak,53.51427251395095,19.532038694370524,2026-05-06 00:00:00,Park
SNZ-102,Pritisak,37.90822898442507,1.1127049350663776,2026-04-27 00:00:00,Tunel
SNZ-115,Pritisak,30.28077197770868,75.21943795063324,2026-05-25 00:00:00,Park
SNZ-147,CO2,19.559533678032857,42.83746371554731,2026-02-22 00:00:00,Most
SNZ-142,Vlažnost,60.929685711093,79.15029520714232,2026-01-05 00:00:00,Park
SNZ-145,Pritisak,21.45690401141707,38.17614350225378,2026-04-04 00:00:00,Centar
SNZ-108,Vlažnost,10.505656198205568,62.15437159402576,2026-05-30 00:00:00,Most
SNZ-125,CO2,39.17907145872807,81.87468839151656,2026-03-21 00:00:00,Most
SNZ-133,Vlažnost,17.70102971687474,-99.0,2026-04-11 00:00:00,Most
SNZ-126,Pritisak,-0.36949877482524585,88.8103020583594,2026-03-28 00:00:00,Centar
SNZ-124,Temperatura,23.836893838778373,68.10792990315394,2026-03-01 00:00:00,Most
SNZ-147,CO2,30.42968145426303,12.809695018964362,2026-03-30 00:00:00,Tunel
SNZ-133,Pritisak,6.216860929002507,67.01071597327187,2026-03-15 00:00:00,Park
SNZ-108,Pritisak,36.32460049772716,56.348133719947036,2026-01-22 00:00:00,Most
SNZ-128,Vlažnost,23.22890862252404,45.00246281018939,2026-02-18 00:00:00,Industrijska zona
SNZ-128,Vlažnost,13.177958357323007,68.19404859645269,2026-01-03 00:00:00,Most
SNZ-127,Temperatura,21.587937517153193,4.7849036059045,2026-04-04 00:00:00,Park
SNZ-102,Vlažnost,,12.121371119518287,2026-05-13 00:00:00,Park
SNZ-108,Temperatura,8.146636276476265,63.77663802336466,2026-01-03 00:00:00,Industrijska zona
SNZ-127,CO2,53.67816872233915,77.81636362889446,2026-01-02 00:00:00,Most
SNZ-131,CO2,2.614295193621473,17.919840018028243,2026-04-15 00:00:00,Industrijska zona
SNZ-120,Temperatura,19.413968812670014,20.82358521861827,2026-02-01 00:00:00,Park
SNZ-118,Vlažnost,9.218719922889315,93.18476472608549,2026-01-19 00:00:00,Industrijska zona
SNZ-134,CO2,21.220394495783648,98.82472919620626,2026-15-05,Centar
SNZ-149,Pritisak,20.502387791850683,18.238052037841655,2026-05-05 00:00:00,Most
SNZ-120,CO2,31.13508353051187,43.97717261469938,2026-06-01 00:00:00,Park
SNZ-111,Temperatura,38.03420260828821,92.77708407678797,2026-04-22 00:00:00,Industrijska zona
SNZ-101,Pritisak,8.620311419779597,35.564779960705785,2026-05-03 00:00:00,Centar
SNZ-115,Pritisak,28.450029850167628,0.02881829422538562,2026-05-04 00:00:00,Industrijska zona
SNZ-147,Pritisak,24.895518414971974,24.6402346852176,2026-05-30 00:00:00,Most
SNZ-135,Temperatura,15.011239843732332,51.586717727647994,2026-01-09 00:00:00,Tunel
SNZ-129,Pritisak,32.70338332678155,57.41727299720606,2026-04-14 00:00:00,Most
SNZ-103,CO2,15.13740043477728,35.00485830420173,2026-03-01 00:00:00,Park
SNZ-131,CO2,35.03698445771696,26.949348127298745,2026-03-18 00:00:00,Park
SNZ-106,Pritisak,5.934916673743125,86.15763624360079,2026-02-10 00:00:00,Industrijska zona
SNZ-126,Vlažnost,16.686398092363753,95.56303999020608,2026-02-08 00:00:00,Park
SNZ-128,CO2,44.823424775668656,92.08784558712688,2026-02-24 00:00:00,Park
SNZ-143,Temperatura,39.35278989210222,0.021261059965982376,2026-01-18 00:00:00,Park
SNZ-133,Temperatura,40.764920294135194,6.72305942942979,2026-03-24 00:00:00,Tunel
SNZ-135,Temperatura,27.930859883592785,50.361675917560824,2026-05-20 00:00:00,Industrijska zona
SNZ-110,Vlažnost,13.812843008128233,29.54830587560956,2026-01-31 00:00:00,Most
SNZ-120,CO2,47.487813497172915,96.49699097593061,2026-05-04 00:00:00,Tunel
SNZ-105,Pritisak,27.670138980103918,27.34187697982462,2026-05-29 00:00:00,Park
SNZ-139,Pritisak,29.53983690127309,87.64433969846209,2026-04-01 00:00:00,Tunel
SNZ-130,CO2,13.931731042999928,45.50469496580612,2026-05-03 00:00:00,Park
SNZ-145,Temperatura,22.91966290797898,75.58454597797518,2026-04-21 00:00:00,Industrijska zona
SNZ-111,Vlažnost,4.237788167990232,77.5947162671274,2026-02-22 00:00:00,Most
SNZ-126,Pritisak,,77.22198495878084,2026-05-10 00:00:00,Centar
SNZ-134,Temperatura,34.84234494237827,99.45401134442344,2026-03-13 00:00:00,Most
SNZ-144,CO2,13.993042531861391,73.99631626351577,2026-05-21 00:00:00,Industrijska zona
SNZ-129,Vlažnost,47.40480052847242,61.45653944944035,2026-02-14 00:00:00,Most
SNZ-123,Vlažnost,24.977425817286694,12.13693427857756,2026-02-20 00:00:00,Most
SNZ-109,Pritisak,24.657058214071604,31.140485248056528,2026-03-24 00:00:00,Most
SNZ-148,Temperatura,39.04790338852115,2.5251138510932303,2026-01-25 00:00:00,Park
SNZ-144,CO2,15.00842367372568,35.80130078333605,2026-01-25 00:00:00,Centar
SNZ-105,Vlažnost,27.37297618625799,88.08498105457628,2026-04-06 00:00:00,Tunel
SNZ-105,Temperatura,19.58410822328303,35.97621978508852,2026-01-29 00:00:00,Most
SNZ-120,Pritisak,11.49710393300967,55.8356471059107,2026-01-15 00:00:00,Industrijska zona
SNZ-143,Temperatura,28.01135545940825,71.33648736718,2026-04-19 00:00:00,Tunel
SNZ-136,Vlažnost,32.36100512702857,71.34251915714866,2026-03-22 00:00:00,Industrijska zona
SNZ-119,Vlažnost,11.2019642588914,54.32300019595589,2026-01-27 00:00:00,Centar
SNZ-145,CO2,-3.4448495731476854,73.02013648723992,2026-02-08 00:00:00,Most
SNZ-120,Vlažnost,39.5198095748966,35.460246592290886,2026-02-25 00:00:00,Park
SNZ-105,Vlažnost,15.622905844005025,68.50250765257219,2026-03-09 00:00:00,Industrijska zona
SNZ-143,Vlažnost,21.840657078692857,29.500834921969776,2026-04-18 00:00:00,Most
SNZ-131,CO2,6.634853937530124,6.3949368465191725,2026-04-13 00:00:00,Tunel
SNZ-132,Vlažnost,28.39088650492975,49.876937164317305,2026-03-08 00:00:00,Centar
SNZ-113,TEMP,21.94547058331101,68.94619346265252,2026-04-21 00:00:00,Most
SNZ-135,Pritisak,21.98815117038907,37.28765990589451,2026-01-21 00:00:00,Industrijska zona
SNZ-142,CO2,5.767712257986954,1.246267130731915,2026-05-31 00:00:00,Centar
SNZ-114,Temperatura,36.8005725437752,56.932934761212664,2026-01-01 00:00:00,Centar
SNZ-123,Vlažnost,13.609364701344928,26.435198178403795,2026-05-24 00:00:00,Most
SNZ-124,Vlažnost,6.31143902348607,90.79373622826958,2026-01-09 00:00:00,Park
SNZ-126,CO2,27.07654555200983,41.31887245300982,2026-05-16 00:00:00,Centar
SNZ-120,Pritisak,29.37731785008682,86.6138145669569,2026-02-11 00:00:00,Tunel
SNZ-109,Temperatura,61.628020666368016,36.5249294166776,2026-01-27 00:00:00,Centar
SNZ-140,Vlažnost,32.18568413514802,54.30151891785828,2026-15-05,Tunel
SNZ-140,Pritisak,27.55670719545407,11.81862420752685,2026-02-17 00:00:00,Centar
SNZ-143,Pritisak,44.00351274920192,42.643085367784764,2026-02-11 00:00:00,Industrijska zona
SNZ-107,Pritisak,32.893729184039145,82.31577755217117,2026-01-16 00:00:00,Industrijska zona
SNZ-123,Temperatura,,13.954464027895586,2026-05-12 00:00:00,Park
SNZ-139,Pritisak,29.35042055904123,48.5533228028544,2026-02-18 00:00:00,Tunel
SNZ-108,Temperatura,33.48660407704836,53.22341199785997,2026-05-18 00:00:00,Centar
SNZ-128,CO2,3.192128227289828,13.441961992094043,2026-03-08 00:00:00,Industrijska zona
SNZ-144,Pritisak,34.88179813606436,26.289153589578127,2026-01-03 00:00:00,Centar
SNZ-100,Pritisak,24.88790298798999,81.31301044229699,2026-02-04 00:00:00,Industrijska zona
SNZ-120,Pritisak,27.560715845030998,75.21855051585985,2026-03-13 00:00:00,Industrijska zona
SNZ-148,Vlažnost,-3.875441788400021,16.065980656444157,2026-03-14 00:00:00,Industrijska zona
SNZ-113,Pritisak,20.79889724123806,66.34480157184493,2026-03-31 00:00:00,Centar
SNZ-113,Pritisak,15.863616344343187,88.79403690445677,2026-03-02 00:00:00,Industrijska zona
SNZ-122,CO2,41.898960826747455,86.20862744571855,2026-05-13 00:00:00,Centar
SNZ-125,Pritisak,26.68840547075786,1.3098316361553008,2026-05-08 00:00:00,Tunel
SNZ-123,CO2,41.15887909450454,71.73035911784777,2026-01-02 00:00:00,Park
SNZ-133,Temperatura,18.590142451369317,45.145934592836824,2026-03-16 00:00:00,Park
SNZ-143,Vlažnost,22.874412051212165,13.393100338701093,2026-15-05,Tunel
SNZ-134,Temperatura,16.365861398743395,11.634130910261531,2026-04-06 00:00:00,Park
SNZ-112,Vlažnost,35.88314717694077,55.04272375433644,2026-01-23 00:00:00,Centar
SNZ-140,Temperatura,30.033347315466337,83.33249977287439,2026-04-02 00:00:00,Tunel
SNZ-117,Pritisak,19.927877481086462,49.8437210752022,2026-05-11 00:00:00,Park
SNZ-134,Temperatura,25.166476982369247,94.0771407578711,2026-04-04 00:00:00,Most
SNZ-147,CO2,29.044598966449104,51.49566296301994,2026-02-03 00:00:00,Industrijska zona
SNZ-138,Pritisak,16.372319908897506,88.76482917043582,2026-03-06 00:00:00,Centar
SNZ-101,CO2,17.682756292807277,54.02520030362269,2026-04-14 00:00:00,Industrijska zona
SNZ-102,Temperatura,20.75944006485805,17.008816210006128,2026-05-04 00:00:00,Centar
SNZ-104,Temperatura,26.54951106368156,96.92106542127861,2026-15-05,Most
SNZ-117,Vlažnost,5.922987841893217,43.49509587298556,2026-03-19 00:00:00,Centar
SNZ-143,Vlažnost,18.10430949724267,37.91082133883839,2026-04-30 00:00:00,Industrijska zona
SNZ-111,Temperatura,43.308650514021835,44.676188135049685,2026-05-06 00:00:00,Park
SNZ-145,Vlažnost,36.35112416561677,63.175103999444694,2026-05-06 00:00:00,Most
SNZ-139,Pritisak,,46.160643327592595,2026-01-20 00:00:00,Centar
SNZ-123,Vlažnost,18.335492288031162,14.250248040764546,2026-03-11 00:00:00,Industrijska zona
SNZ-129,Vlažnost,32.4879539938945,63.970271517109886,2026-02-15 00:00:00,Centar
SNZ-138,CO2,4.136219507372289,63.34057352829541,2026-02-17 00:00:00,Park
SNZ-145,Temperatura,41.91775697633147,71.33684133382722,2026-03-07 00:00:00,Tunel
SNZ-131,Vlažnost,19.874495965910285,53.434062208362896,2026-01-18 00:00:00,Tunel
SNZ-146,CO2,26.827518756007667,54.99323655121889,2026-02-26 00:00:00,Centar
SNZ-110,CO2,8.531775925218149,71.40215946571969,2026-05-07 00:00:00,Tunel
SNZ-125,Pritisak,-5.572651488719881,3.982380915634265,2026-02-06 00:00:00,Centar
SNZ-132,CO2,15.557693995513727,28.47363447715753,2026-03-14 00:00:00,Industrijska zona
SNZ-144,Vlažnost,8.877880334646605,51.40509450796803,2026-02-23 00:00:00,Tunel
SNZ-104,Pritisak,13.352940470834103,48.64504475371621,2026-04-09 00:00:00,Park
SNZ-142,Pritisak,21.32004025961298,85.16616388430613,2026-04-13 00:00:00,Industrijska zona
SNZ-102,CO2,11.735188554402649,26.157075766260853,2026-02-18 00:00:00,Most
SNZ-114,Vlažnost,28.09104462330208,34.65682019326235,2026-05-18 00:00:00,Centar
SNZ-118,Pritisak,23.546869943314206,76.21693191338761,2026-03-26 00:00:00,Industrijska zona
SNZ-131,Temperatura,27.66763691381878,70.17164014674283,2026-05-31 00:00:00,Most
SNZ-126,Temperatura,47.191905950568994,95.22344482678109,2026-01-22 00:00:00,Industrijska zona
SNZ-120,Pritisak,32.18222383857227,16.70901402008671,2026-02-10 00:00:00,Most
SNZ-107,CO2,29.91348529814107,94.08829716186622,2026-03-14 00:00:00,Centar
SNZ-104,Vlažnost,55.60297491661795,3.950164900026565,2026-04-25 00:00:00,Tunel
SNZ-124,Temperatura,0.5679697875974519,99.50105462610303,2026-01-09 00:00:00,Centar
SNZ-113,Temperatura,35.848497282412346,1.064009300384039,2026-05-03 00:00:00,Most
SNZ-149,Pritisak,-6.007831207163008,53.995499209846166,2026-02-13 00:00:00,Park
SNZ-111,CO2,,80.03522893085598,2026-15-05,Park
SNZ-137,Pritisak,38.07857705076782,63.087990656452085,2026-01-02 00:00:00,Park
SNZ-135,Temperatura,17.00255703589144,64.22317201907187,2026-03-29 00:00:00,Tunel
SNZ-125,Pritisak,7.511955225989755,86.21205459311318,2026-01-16 00:00:00,Park
SNZ-130,Temperatura,45.49552469019928,60.83376575596616,2026-02-14 00:00:00,Park
SNZ-102,CO2,30.294221937877314,39.18006791715766,2026-04-15 00:00:00,Most
SNZ-126,Temperatura,22.3166019037713,66.47620908211896,2026-04-07 00:00:00,Most
SNZ-139,Temperatura,20.035974270842438,1.6473989748412743,2026-05-27 00:00:00,Industrijska zona
SNZ-114,CO2,16.47154171114529,2.7796602322293196,2026-02-18 00:00:00,Industrijska zona
SNZ-119,CO2,34.41868813541481,84.37709372710437,2026-02-09 00:00:00,Park
SNZ-121,Temperatura,45.848315006595556,14.648804220623536,2026-02-10 00:00:00,Most
SNZ-112,CO2,26.20691074520541,75.47120360471997,2026-03-08 00:00:00,Most
SNZ-108,Pritisak,13.89471952864285,92.66897265373521,2026-02-08 00:00:00,Industrijska zona
SNZ-137,CO2,45.951071432166124,38.00418416211101,2026-01-27 00:00:00,Tunel
SNZ-137,Pritisak,22.04382090928503,32.832680728579234,2026-01-02 00:00:00,Tunel
SNZ-125,Pritisak,15.01441731121782,94.26179845000432,2026-05-17 00:00:00,Tunel
SNZ-129,Temperatura,48.52120112581156,15.836996073996445,2026-05-07 00:00:00,Tunel
SNZ-109,Vlažnost,13.438961224424904,41.412112040312145,2026-04-01 00:00:00,Industrijska zona
SNZ-113,Vlažnost,41.882567741764525,12.856516728899592,2026-03-29 00:00:00,Industrijska zona
SNZ-129,Vlažnost,31.986433257771253,29.267925467336386,2026-05-18 00:00:00,Park
SNZ-116,CO2,42.60967368265892,98.01020972397392,2026-04-10 00:00:00,Tunel
SNZ-109,Pritisak,14.717273013929153,75.08771475922276,2026-03-03 00:00:00,Most
SNZ-124,Temperatura,25.090048632256753,82.57190349126921,2026-05-17 00:00:00,Centar
SNZ-128,Temperatura,21.325794036057726,43.888531066815176,2026-04-19 00:00:00,Most
SNZ-124,CO2,35.57267218108197,26.30785708923813,2026-02-08 00:00:00,Tunel
SNZ-145,Temperatura,24.01884465689826,20.72190038864017,2026-02-12 00:00:00,Tunel
SNZ-116,CO2,14.441311120182094,7.299522565346961,2026-03-23 00:00:00,Tunel
SNZ-103,Pritisak,8.286494050462878,40.80188178782015,2026-01-01 00:00:00,Centar
SNZ-120,Temperatura,,5.843220873305599,2026-04-19 00:00:00,Park
SNZ-128,Pritisak,14.275968265855385,43.27082492119276,2026-05-25 00:00:00,Tunel
SNZ-115,CO2,52.874726937400936,59.314572573163446,2026-04-18 00:00:00,Tunel
SNZ-109,CO2,28.636036410078987,14.370138456780534,2026-02-18 00:00:00,Most
SNZ-148,CO2,-2.9072498538550775,27.38669740612786,2026-04-13 00:00:00,Park
SNZ-134,Vlažnost,41.84638428103045,79.57358979766836,2026-04-12 00:00:00,Centar
SNZ-104,Temperatura,37.116561986980315,-99.0,2026-03-19 00:00:00,Industrijska zona
SNZ-117,Temperatura,16.9583336166546,85.50356013180038,2026-01-19 00:00:00,Industrijska zona
SNZ-119,CO2,36.506428732567706,72.08745708304023,2026-05-11 00:00:00,Park
SNZ-147,Temperatura,31.794078265129208,10.702626993359443,2026-04-03 00:00:00,Most
SNZ-114,Vlažnost,63.00529363451292,80.29052475319733,2026-06-01 00:00:00,Tunel
SNZ-119,Pritisak,15.715941292920302,96.88206088575328,2026-04-29 00:00:00,Most
SNZ-108,Pritisak,21.965071857819503,48.72950043048856,2026-02-07 00:00:00,Industrijska zona
SNZ-140,Temperatura,-3.843444918191608,51.28455604408535,2026-01-29 00:00:00,Most
SNZ-117,Temperatura,20.184685954943603,48.22014543036445,2026-01-21 00:00:00,Most
SNZ-109,Temperatura,3.477315982989463,69.511169292905,2026-03-22 00:00:00,Park
SNZ-149,Vlažnost,24.57090853054093,8.237863697135072,2026-15-05,Most
SNZ-136,CO2,29.165349353069836,12.241189465877378,2026-04-16 00:00:00,Tunel
SNZ-141,Temperatura,28.277800281119305,28.334462154939388,2026-03-23 00:00:00,Centar
SNZ-111,CO2,34.93233875211642,9.147002072059685,2026-03-17 00:00:00,Centar
SNZ-114,Vlažnost,-5.764413369341884,27.204839287035398,2026-03-01 00:00:00,Industrijska zona
SNZ-101,Temperatura,43.23126876568932,16.13157470678758,2026-02-04 00:00:00,Park
SNZ-139,CO2,32.89308972140014,29.384441171281328,2026-03-27 00:00:00,Centar
SNZ-125,Vlažnost,12.528021366631322,74.18568404161967,2026-03-04 00:00:00,Centar
SNZ-107,Vlažnost,5.473999731403929,95.79734887415887,2026-03-24 00:00:00,Most
SNZ-140,Temperatura,0.6647627459260192,-99.0,2026-01-06 00:00:00,Tunel
SNZ-107,Temperatura,27.048238445903138,57.920575830045685,2026-02-09 00:00:00,Park
SNZ-146,CO2,57.417906206040996,70.24423931229342,2026-01-19 00:00:00,Most
SNZ-138,Vlažnost,,84.75785816484577,2026-05-21 00:00:00,Tunel
SNZ-121,Temperatura,47.57961608248732,5.441575977935176,2026-02-10 00:00:00,Most
SNZ-147,Temperatura,8.210901762102676,69.93113558494144,2026-01-04 00:00:00,Most
SNZ-131,CO2,36.78421424600714,44.206122751433504,2026-04-23 00:00:00,Centar
SNZ-143,Pritisak,-1.1547955282085205,54.545119677062445,2026-04-21 00:00:00,Tunel
SNZ-146,Vlažnost,,87.87070285788555,2026-02-12 00:00:00,Centar
SNZ-139,Vlažnost,,76.2849912789578,2026-02-04 00:00:00,Centar
SNZ-107,CO2,26.967939515079994,24.9589749078843,2026-02-26 00:00:00,Tunel
SNZ-135,Temperatura,18.695306852631266,22.178271915166814,2026-02-16 00:00:00,Industrijska zona
SNZ-149,Pritisak,18.720195450063407,99.01601094062318,2026-03-07 00:00:00,Industrijska zona
SNZ-121,CO2,,23.16753162906583,2026-02-26 00:00:00,Industrijska zona
SNZ-101,Pritisak,33.75054693245389,62.79238866228516,2026-05-09 00:00:00,Industrijska zona
SNZ-109,Pritisak,27.004609160896617,57.640388284966996,2026-05-19 00:00:00,Park
SNZ-107,CO2,42.42472872464261,45.968797010990656,2026-15-05,Tunel
SNZ-138,CO2,38.62774858115348,8.566830937737869,2026-01-20 00:00:00,Most
SNZ-141,Pritisak,35.91356861143982,39.889051865607975,2026-02-24 00:00:00,Industrijska zona
SNZ-130,Temperatura,10.06098430464402,39.413108746716084,2026-04-17 00:00:00,Park
SNZ-135,Pritisak,26.980361022558018,25.00674806069472,2026-05-21 00:00:00,Park
SNZ-119,Pritisak,26.508693503029292,36.15789180490643,2026-01-15 00:00:00,Park
SNZ-133,TEMP,38.00631693590326,58.45330287484477,2026-05-13 00:00:00,Most
SNZ-131,Pritisak,46.28674609698298,16.656503668097056,2026-05-26 00:00:00,Most
SNZ-146,Temperatura,29.186256670931556,79.97093804236505,2026-04-24 00:00:00,Tunel
SNZ-136,Pritisak,40.253609220157166,8.444201926873685,2026-01-31 00:00:00,Centar
SNZ-111,Pritisak,29.540128409247966,67.11794407186619,2026-02-04 00:00:00,Most
SNZ-115,Temperatura,46.47614762664199,53.78548901707557,2026-05-11 00:00:00,Tunel
SNZ-109,Temperatura,39.26810938832881,1.4573071652210112,2026-04-08 00:00:00,Park
SNZ-137,Pritisak,,53.79837360604445,2026-01-24 00:00:00,Centar
SNZ-149,Temperatura,46.548526706518714,75.99941695362624,2026-03-12 00:00:00,Most
SNZ-145,Temperatura,20.39278600703724,51.739239931782855,2026-02-21 00:00:00,Centar
SNZ-125,Pritisak,41.87419896126739,72.52206196030305,2026-04-07 00:00:00,Industrijska zona
SNZ-122,Temperatura,68.21278688368976,18.189140139223248,2026-01-08 00:00:00,Tunel
SNZ-138,Pritisak,14.797822015382303,66.06577183947171,2026-03-29 00:00:00,Park
SNZ-125,Temperatura,21.807238019019337,1.1821279257268613,2026-01-08 00:00:00,Centar
SNZ-147,Temperatura,28.380902894489417,65.86467156492493,2026-03-18 00:00:00,Industrijska zona
SNZ-133,CO2,28.917139310965386,84.71806212408775,2026-04-02 00:00:00,Industrijska zona
SNZ-138,Temperatura,19.63298863753665,92.19318125867083,2026-01-07 00:00:00,Centar
SNZ-104,Pritisak,17.088214090141257,49.35533623603152,2026-02-09 00:00:00,Tunel
SNZ-147,Vlažnost,31.16180241199862,94.60051111504471,2026-05-14 00:00:00,Tunel
SNZ-101,Vlažnost,26.999784827127105,26.691107621210207,2026-01-17 00:00:00,Park
SNZ-102,CO2,8.907085105398185,40.64264820315107,2026-04-25 00:00:00,Industrijska zona
SNZ-127,Temperatura,26.534915916707643,67.79864375904106,2026-04-11 00:00:00,Centar
SNZ-146,Temperatura,27.49588203471627,68.3082680045889,2026-01-22 00:00:00,Most
SNZ-107,Pritisak,39.7328667939397,54.59638607496198,2026-03-01 00:00:00,Most
SNZ-101,Temperatura,-0.6308975926282017,39.016752526618035,2026-02-08 00:00:00,Industrijska zona
SNZ-137,Temperatura,-0.8683683200715357,37.975021121558605,2026-05-11 00:00:00,Tunel
SNZ-131,Temperatura,19.5074419944479,97.51338143335168,2026-01-19 00:00:00,Industrijska zona
SNZ-145,Pritisak,18.73670052774584,44.756319040426995,2026-01-01 00:00:00,Tunel
SNZ-123,Vlažnost,24.436156188516513,32.34317930663985,2026-03-08 00:00:00,Tunel
SNZ-100,Vlažnost,32.406200999909856,18.338857899422088,2026-03-22 00:00:00,Park
SNZ-105,Pritisak,67.92220897866203,58.52733797474492,2026-02-06 00:00:00,Tunel
SNZ-118,Pritisak,-1.5401432932345713,98.97619577917243,2026-05-04 00:00:00,Industrijska zona
SNZ-113,Pritisak,24.85687918454831,95.9748766295436,2026-03-25 00:00:00,Centar
SNZ-102,Pritisak,45.02177938558062,35.71712660025506,2026-01-19 00:00:00,Centar
SNZ-138,Pritisak,16.745855402241595,15.306118731473628,2026-01-20 00:00:00,Park
SNZ-122,Temperatura,30.822529903706656,67.21790541668743,2026-01-17 00:00:00,Centar
SNZ-118,CO2,40.79635129413995,68.17697923343881,2026-03-18 00:00:00,Centar
SNZ-140,Vlažnost,8.791091664713917,55.13736563365323,2026-02-21 00:00:00,Centar
SNZ-139,CO2,35.57746488521813,35.167738368517234,2026-02-03 00:00:00,Tunel
SNZ-101,Temperatura,29.767158248036694,39.435059452924634,2026-05-23 00:00:00,Tunel
SNZ-148,CO2,58.69323703314853,86.87633194715943,2026-05-05 00:00:00,Park
SNZ-113,CO2,17.69001152219056,69.86996895620446,2026-01-26 00:00:00,Industrijska zona
SNZ-123,Pritisak,33.71202267234334,55.93179743145274,2026-02-12 00:00:00,Most
SNZ-102,CO2,17.943541410850816,70.71118145122884,2026-02-18 00:00:00,Centar
SNZ-116,Pritisak,41.38707987840138,31.045852408740938,2026-03-02 00:00:00,Park
SNZ-142,Pritisak,7.56320657196774,75.1687115542573,2026-02-12 00:00:00,Industrijska zona
SNZ-125,CO2,14.232640310348788,40.828359920063164,2026-04-09 00:00:00,Most
SNZ-126,Temperatura,30.083439854821584,32.330089807572,2026-02-27 00:00:00,Industrijska zona
SNZ-125,Pritisak,47.06634590013593,34.56016890737818,2026-05-30 00:00:00,Most
SNZ-149,CO2,51.84044071624602,61.29598433258363,2026-03-05 00:00:00,Tunel
SNZ-143,CO2,43.56346024307087,82.28984930670428,2026-02-03 00:00:00,Tunel
SNZ-124,CO2,54.84409488521736,88.92445776544047,2026-04-29 00:00:00,Industrijska zona
SNZ-133,CO2,-2.8024641114993045,59.34150612246619,2026-03-04 00:00:00,Centar
SNZ-143,CO2,18.14543798754012,93.60804775469065,2026-05-22 00:00:00,Centar
SNZ-112,Pritisak,31.411204450444274,53.722603384259315,2026-01-11 00:00:00,Park
SNZ-117,Vlažnost,44.792279403906605,84.71172380582816,2026-03-13 00:00:00,Tunel
SNZ-142,Pritisak,10.527551439562762,79.1393212665014,2026-05-18 00:00:00,Tunel
SNZ-141,CO2,24.21049204614186,88.53015778651849,2026-03-06 00:00:00,Tunel
SNZ-117,Vlažnost,32.46380472592439,86.71777899303343,2026-01-24 00:00:00,Tunel
SNZ-124,Temperatura,0.5315462670679096,47.99461316700248,2026-01-22 00:00:00,Park
SNZ-115,CO2,31.73030325867576,87.19076527546498,2026-05-02 00:00:00,Centar
SNZ-110,Vlažnost,21.574989527061277,5.599612977873125,2026-03-17 00:00:00,Industrijska zona
SNZ-109,CO2,19.415544671630492,-99.0,2026-03-07 00:00:00,Most
SNZ-123,Pritisak,31.692122332438124,14.519899597972463,2026-15-05,Tunel
SNZ-112,CO2,9.298225760841419,13.842575796045686,2026-05-14 00:00:00,Park
SNZ-109,CO2,15.696425273799242,-99.0,2026-05-23 00:00:00,Most
SNZ-134,Vlažnost,38.59177962555367,48.56601280603072,2026-04-22 00:00:00,Park
SNZ-129,Temperatura,27.399154327575943,40.88574784468958,2026-05-11 00:00:00,Industrijska zona
SNZ-117,CO2,30.294985971597193,18.123695405487027,2026-02-21 00:00:00,Tunel
SNZ-110,Temperatura,26.170659149275203,3.963538003260536,2026-01-28 00:00:00,Most
SNZ-105,Pritisak,35.71578216802902,69.18878135030874,2026-04-21 00:00:00,Most
SNZ-133,Pritisak,21.82088957243018,35.046297091677815,2026-05-24 00:00:00,Park
SNZ-112,Temperatura,18.22943286390015,60.93968425646943,2026-05-31 00:00:00,Most
SNZ-134,Temperatura,0.18940473738354058,96.02412179828505,2026-01-01 00:00:00,Most
SNZ-123,CO2,23.338523456995265,43.66569074556903,2026-03-04 00:00:00,Park
SNZ-147,Vlažnost,38.81705178463924,22.890503115815452,2026-15-05,Tunel
SNZ-128,Pritisak,25.803421921577122,52.52179967661284,2026-05-04 00:00:00,Tunel
SNZ-124,Temperatura,29.66369398702172,90.74487252963246,2026-03-05 00:00:00,Tunel
SNZ-138,TEMP,46.87231427232271,60.000584289140605,2026-01-18 00:00:00,Park
SNZ-141,TEMP,,-99.0,2026-01-09 00:00:00,Centar
SNZ-138,Pritisak,23.393789529386137,36.876014952959224,2026-03-27 00:00:00,Most
SNZ-128,Vlažnost,20.085356476235876,88.98562241662123,2026-01-04 00:00:00,Centar
SNZ-135,Pritisak,21.43500017247758,1.274049777745001,2026-04-20 00:00:00,Park
SNZ-121,Pritisak,27.476002845652516,76.83655398572185,2026-02-09 00:00:00,Tunel
SNZ-129,CO2,31.004797762920713,38.54911720920279,2026-15-05,Tunel
SNZ-125,CO2,6.171261958692234,37.57592880730437,2026-01-27 00:00:00,Centar
SNZ-146,Pritisak,48.17480972577256,99.39797410831409,2026-02-19 00:00:00,Park
SNZ-137,Temperatura,50.3306948869896,30.528798322855522,2026-03-07 00:00:00,Centar
SNZ-118,Pritisak,41.812754962151544,60.50005906889897,2026-03-25 00:00:00,Tunel
SNZ-129,Vlažnost,29.47859005069479,18.833008049841638,2026-01-04 00:00:00,Park
SNZ-147,Pritisak,13.427534638440575,49.17572441121817,2026-02-09 00:00:00,Industrijska zona
SNZ-133,CO2,32.79603142267853,59.799953873444345,2026-03-19 00:00:00,Tunel
SNZ-111,Pritisak,58.698032188111064,35.134669150035855,2026-01-04 00:00:00,Park
SNZ-128,Vlažnost,48.858060138420214,68.71127955983731,2026-15-05,Centar
SNZ-127,Temperatura,45.21598492431323,90.25935707846723,2026-03-07 00:00:00,Industrijska zona
SNZ-135,Temperatura,41.124962122216765,33.22335929202107,2026-02-27 00:00:00,Centar
SNZ-136,CO2,25.51365776294953,46.25243417834013,2026-04-10 00:00:00,Most
SNZ-126,Vlažnost,46.27547862854127,82.15359489150242,2026-01-27 00:00:00,Industrijska zona
SNZ-111,CO2,-6.4972676225921475,69.31568252899997,2026-01-31 00:00:00,Tunel
SNZ-104,Pritisak,23.46584667750017,57.22449176559707,2026-01-05 00:00:00,Tunel
SNZ-134,Temperatura,15.232221547109509,49.7070217796735,2026-03-25 00:00:00,Industrijska zona
SNZ-134,Temperatura,,13.058803293488841,2026-02-19 00:00:00,Centar
SNZ-141,Temperatura,30.680619743208624,13.311964072287486,2026-05-15 00:00:00,Industrijska zona
SNZ-117,Temperatura,37.212189747792245,64.72140680466806,2026-03-15 00:00:00,Centar
SNZ-112,Temperatura,22.38398900343907,1.6908366921969953,2026-03-31 00:00:00,Industrijska zona
SNZ-134,Vlažnost,29.725846602377267,25.759594936855745,2026-05-14 00:00:00,Most
SNZ-106,Vlažnost,6.942874512556166,78.85429380583126,2026-01-05 00:00:00,Tunel
SNZ-128,Temperatura,1.2907968874564553,82.64245918690469,2026-01-30 00:00:00,Most
SNZ-101,Vlažnost,46.044719215221704,84.03497947947233,2026-03-19 00:00:00,Centar
SNZ-106,TEMP,24.302300818596546,47.820862486607986,2026-15-05,Most
SNZ-123,Temperatura,34.68267199626287,18.886231447583867,2026-05-22 00:00:00,Tunel
SNZ-134,Pritisak,39.45144745969497,92.19820017102445,2026-03-17 00:00:00,Park
SNZ-118,Vlažnost,0.7679001529871101,39.20057945997504,2026-02-23 00:00:00,Tunel
SNZ-107,Temperatura,39.43696578010982,57.12477877400575,2026-01-19 00:00:00,Tunel
SNZ-116,CO2,34.6730988467758,60.959849288955894,2026-04-30 00:00:00,Park
SNZ-128,Temperatura,21.61450786451268,52.3918038711369,2026-15-05,Park
SNZ-145,CO2,33.18461619810596,36.55663603855109,2026-04-17 00:00:00,Industrijska zona
SNZ-104,CO2,37.82518051070479,54.49086266246732,2026-04-13 00:00:00,Centar
SNZ-106,Temperatura,59.111566271438306,38.40302281390016,2026-03-14 00:00:00,Most
SNZ-131,Vlažnost,16.37464911955697,20.78389058805473,2026-05-13 00:00:00,Most
SNZ-147,Vlažnost,0.15235355917716475,54.09693101120027,2026-01-23 00:00:00,Park
SNZ-124,TEMP,20.220625670788657,35.920054346816165,2026-03-27 00:00:00,Industrijska zona
SNZ-133,CO2,29.026630113822872,26.601988601012106,2026-03-04 00:00:00,Centar
SNZ-144,Pritisak,45.94811841229428,23.35817144477875,2026-05-19 00:00:00,Tunel
SNZ-145,Pritisak,51.612052991485484,45.33696354161522,2026-15-05,Centar
SNZ-119,CO2,39.59860674270869,99.75760935768876,2026-03-02 00:00:00,Centar
SNZ-141,Temperatura,36.45075019729119,46.292889963761944,2026-05-18 00:00:00,Park
SNZ-127,Pritisak,33.34366462936934,61.596065197865066,2026-01-16 00:00:00,Industrijska zona
SNZ-130,Pritisak,25.321569043614574,13.036704708222347,2026-04-16 00:00:00,Most
SNZ-127,Pritisak,43.32865729175293,13.675221351677692,2026-01-05 00:00:00,Centar
SNZ-141,Pritisak,23.542283318023568,16.723819071627453,2026-04-23 00:00:00,Tunel
SNZ-132,Vlažnost,37.47921544989014,14.280337805223942,2026-04-27 00:00:00,Park
SNZ-133,CO2,42.29009731447574,60.568537574707634,2026-01-12 00:00:00,Park
SNZ-144,CO2,17.491486895121575,54.05752978527649,2026-03-28 00:00:00,Industrijska zona
SNZ-131,Pritisak,11.605947715171677,81.45585530321029,2026-04-23 00:00:00,Park
SNZ-107,Temperatura,21.85883141624529,43.91175336674191,2026-04-28 00:00:00,Industrijska zona
SNZ-120,Temperatura,42.73154967255238,25.54886578073068,2026-04-27 00:00:00,Tunel
SNZ-127,CO2,41.916982335148845,50.65938260254973,2026-04-29 00:00:00,Tunel
SNZ-137,Pritisak,31.708419258761694,11.267442601326982,2026-02-22 00:00:00,Most
SNZ-139,Vlažnost,19.604716374970195,29.869516041926904,2026-02-15 00:00:00,Centar
SNZ-112,Temperatura,33.80248423788275,32.47060548294214,2026-03-25 00:00:00,Industrijska zona
SNZ-114,Temperatura,-2.5164937440992716,83.31919641155476,2026-03-17 00:00:00,Tunel
SNZ-142,Vlažnost,31.86020456946259,99.20715554130248,2026-05-09 00:00:00,Most
SNZ-104,Temperatura,41.85475116480395,70.11528190086521,2026-03-27 00:00:00,Centar
SNZ-114,Vlažnost,39.731096224064345,71.91499010483234,2026-02-09 00:00:00,Most
SNZ-102,Pritisak,36.02121857848029,37.931960425413926,2026-05-13 00:00:00,Industrijska zona
SNZ-129,CO2,21.729126221757557,10.52025216838378,2026-02-24 00:00:00,Park
SNZ-121,CO2,38.469038148989924,16.420376976141192,2026-03-12 00:00:00,Industrijska zona
SNZ-149,Temperatura,-8.246893724654583,-99.0,2026-02-14 00:00:00,Park
SNZ-111,Pritisak,33.09219540115174,7.015567248067356,2026-01-14 00:00:00,Centar
SNZ-113,Temperatura,,58.45861795960599,2026-04-06 00:00:00,Most
SNZ-118,Vlažnost,48.8392469770682,53.07237422713379,2026-05-08 00:00:00,Tunel
SNZ-134,Pritisak,24.617689061491838,87.5544579851293,2026-01-04 00:00:00,Most
SNZ-107,CO2,7.887090280563566,0.7156616900482748,2026-05-04 00:00:00,Tunel
SNZ-106,CO2,31.628746968874278,75.27704290335762,2026-01-07 00:00:00,Most
SNZ-145,Temperatura,36.033387810540496,59.37417217436325,2026-03-08 00:00:00,Park
SNZ-135,Pritisak,23.611835457858398,7.525949014994038,2026-15-05,Industrijska zona
SNZ-132,CO2,16.26407981811651,98.05034865675138,2026-03-19 00:00:00,Centar
SNZ-107,Temperatura,12.597088188916917,3.988318893930254,2026-04-21 00:00:00,Industrijska zona
SNZ-100,TEMP,21.450150734798235,13.820597902934528,2026-05-09 00:00:00,Tunel
SNZ-103,CO2,10.10977938865514,57.11129940787205,2026-01-19 00:00:00,Centar
SNZ-137,Vlažnost,24.555219585532665,16.520018756676436,2026-02-24 00:00:00,Park
SNZ-105,CO2,18.976629052402405,37.161892896960424,2026-03-25 00:00:00,Industrijska zona
SNZ-143,Vlažnost,42.76166802023793,44.24841489634088,2026-05-29 00:00:00,Tunel
SNZ-125,Vlažnost,59.255343330274044,44.16025741810174,2026-05-23 00:00:00,Park
SNZ-129,Temperatura,29.78815530066783,98.60114879596237,2026-05-30 00:00:00,Most
SNZ-140,Pritisak,16.562108447969777,1.680261811736894,2026-04-03 00:00:00,Tunel
SNZ-131,Vlažnost,56.34650655419912,63.791219219882834,2026-04-04 00:00:00,Industrijska zona
SNZ-146,Temperatura,15.2709650653363,60.69782550114142,2026-04-10 00:00:00,Park
SNZ-136,Vlažnost,23.570532444951862,78.15987892670375,2026-02-12 00:00:00,Most
SNZ-139,Vlažnost,14.040318782968136,12.304495985776853,2026-05-03 00:00:00,Park
SNZ-129,TEMP,9.737982497112256,65.33274327530437,2026-01-05 00:00:00,Park
SNZ-112,Vlažnost,26.772938933161814,9.501475602722842,2026-05-23 00:00:00,Most
SNZ-109,Temperatura,-17.265234873566598,71.25767695189371,2026-03-07 00:00:00,Industrijska zona
SNZ-134,CO2,35.20108629832844,30.61229863896684,2026-03-04 00:00:00,Most
SNZ-109,Temperatura,25.669477685377277,26.12169787996891,2026-03-07 00:00:00,Industrijska zona
SNZ-121,Pritisak,41.262119863389245,20.24974957891521,2026-05-26 00:00:00,Most
SNZ-121,Temperatura,11.678596634443124,31.427933633723715,2026-04-24 00:00:00,Tunel
SNZ-115,Pritisak,12.688696980110784,10.938592363297971,2026-01-22 00:00:00,Centar
SNZ-131,Vlažnost,40.10842024698014,6.832331936722291,2026-04-23 00:00:00,Centar
SNZ-134,Pritisak,20.570660440011242,42.716848775091,2026-03-25 00:00:00,Industrijska zona
SNZ-128,Pritisak,15.136544681298211,87.83710327885885,2026-02-13 00:00:00,Tunel
SNZ-137,Vlažnost,17.711692112865734,37.82329867942794,2026-04-12 00:00:00,Centar
SNZ-104,Vlažnost,20.787767596351706,13.942373433687349,2026-05-05 00:00:00,Tunel
SNZ-121,Vlažnost,-13.73936196371099,77.83191655043979,2026-04-20 00:00:00,Industrijska zona
SNZ-112,Temperatura,42.02823116823794,91.7522594539544,2026-05-12 00:00:00,Industrijska zona
SNZ-100,Pritisak,32.78428117574836,86.32305214194044,2026-05-13 00:00:00,Centar
SNZ-146,Temperatura,13.916974556841879,62.191243596978154,2026-05-13 00:00:00,Tunel
SNZ-146,Vlažnost,30.19713187405214,17.231074815370796,2026-05-10 00:00:00,Centar
SNZ-139,Pritisak,41.98334169593508,18.314674090666028,2026-04-08 00:00:00,Tunel
SNZ-139,Temperatura,43.01956461990309,39.586371568370325,2026-05-21 00:00:00,Park
SNZ-105,Pritisak,15.760956683042007,27.082926427499608,2026-04-16 00:00:00,Industrijska zona
SNZ-115,Pritisak,17.52416314660777,36.60596201151731,2026-15-05,Centar
SNZ-114,Temperatura,15.492528384773635,24.180355376009132,2026-04-19 00:00:00,Tunel
SNZ-132,TEMP,44.43691475384634,65.39460466836935,2026-02-07 00:00:00,Centar
SNZ-130,CO2,,17.205756182844635,2026-03-11 00:00:00,Most
SNZ-140,Pritisak,22.28147526852739,59.533389148726236,2026-02-20 00:00:00,Tunel
SNZ-145,Vlažnost,18.994779923200944,29.675496773215627,2026-02-21 00:00:00,Centar
SNZ-140,Temperatura,31.723187428331048,50.73842406700785,2026-05-24 00:00:00,Centar
SNZ-113,Vlažnost,33.74286087114869,65.8953888468009,2026-03-02 00:00:00,Park
SNZ-113,Temperatura,18.952011213180043,71.9103818263996,2026-02-12 00:00:00,Park
SNZ-137,Temperatura,46.20701982408683,34.61847041563906,2026-05-16 00:00:00,Park
SNZ-137,Temperatura,18.556368378079398,76.5945183609451,2026-04-29 00:00:00,Tunel
SNZ-115,Vlažnost,-3.2302398734124864,67.0847273251996,2026-01-19 00:00:00,Centar
SNZ-136,Pritisak,26.825281797265973,40.74810763082105,2026-03-20 00:00:00,Most
SNZ-102,Temperatura,,19.84824044764003,2026-01-28 00:00:00,Most
SNZ-103,Vlažnost,18.54534932827732,61.316369648640325,2026-01-19 00:00:00,Tunel
SNZ-134,Vlažnost,39.07826402092363,10.56281799838289,2026-05-30 00:00:00,Tunel
SNZ-130,Vlažnost,22.84704108307824,77.08837792884628,2026-03-22 00:00:00,Park
SNZ-112,Temperatura,34.18618638348984,11.926893843789166,2026-03-03 00:00:00,Most
SNZ-102,CO2,22.438688844700337,62.91661960441001,2026-02-19 00:00:00,Park
SNZ-124,Pritisak,27.515575074954924,35.20662695618548,2026-03-25 00:00:00,Tunel
SNZ-109,Temperatura,31.813891495181107,46.003580333581375,2026-04-12 00:00:00,Tunel
SNZ-130,CO2,35.68621570976644,39.385046265613646,2026-05-14 00:00:00,Industrijska zona
SNZ-145,Pritisak,19.244985258343164,89.8807135343878,2026-02-01 00:00:00,Park
SNZ-119,Pritisak,15.917108823189105,88.44401973518326,2026-04-25 00:00:00,Tunel
SNZ-118,Pritisak,24.044382516986758,95.58189709333008,2026-05-20 00:00:00,Tunel
SNZ-135,Vlažnost,39.49820269838047,15.245736471380011,2026-03-13 00:00:00,Tunel
SNZ-148,Vlažnost,26.618365354318552,92.80286119325663,2026-04-17 00:00:00,Tunel
SNZ-116,Vlažnost,31.23181812076482,31.540563083919427,2026-01-06 00:00:00,Most
SNZ-106,Vlažnost,0.5386775953484388,28.523030920010516,2026-02-04 00:00:00,Park
SNZ-141,Temperatura,18.003097424785967,8.001181754712805,2026-02-07 00:00:00,Park
SNZ-145,Temperatura,38.89648940823038,34.168824713892285,2026-02-11 00:00:00,Industrijska zona
SNZ-105,Pritisak,4.5874557194108405,52.36868237855141,2026-03-26 00:00:00,Park
SNZ-129,CO2,41.17456000990046,55.489001934373185,2026-04-22 00:00:00,Most
SNZ-107,Vlažnost,15.150368097221786,26.512487746585755,2026-03-06 00:00:00,Industrijska zona
SNZ-141,Temperatura,14.316299971211963,31.523070863208137,2026-03-23 00:00:00,Most
SNZ-145,Vlažnost,5.136177711469642,54.84183562375797,2026-02-24 00:00:00,Centar
SNZ-127,Temperatura,3.7964111253651325,14.252323446076954,2026-04-20 00:00:00,Industrijska zona
SNZ-133,Vlažnost,10.722228290031275,86.22142575257627,2026-05-14 00:00:00,Centar
SNZ-123,Vlažnost,20.983972229154563,-99.0,2026-05-30 00:00:00,Centar
SNZ-100,CO2,-8.59876499751335,13.322356224332943,2026-01-17 00:00:00,Most
SNZ-137,TEMP,9.22717153299065,43.80963034495987,2026-01-23 00:00:00,Centar
SNZ-115,Vlažnost,26.246262645708875,14.248630709219757,2026-01-12 00:00:00,Most
SNZ-141,Temperatura,40.21541111800801,2.82421056768547,2026-04-22 00:00:00,Park
SNZ-138,Pritisak,36.77879280852136,67.3821330333942,2026-05-07 00:00:00,Most
SNZ-129,Vlažnost,12.209199534564918,67.36531304662883,2026-04-09 00:00:00,Centar
SNZ-107,Vlažnost,,66.73975921454158,2026-02-16 00:00:00,Most
SNZ-141,Vlažnost,24.18551650270762,38.54930583787781,2026-04-01 00:00:00,Most
SNZ-106,Vlažnost,25.508689459435534,3.6732602699430905,2026-01-18 00:00:00,Industrijska zona
SNZ-140,Pritisak,34.04256223183335,3.875320174421204,2026-01-12 00:00:00,Park
SNZ-103,CO2,33.17924772240737,76.12052294803425,2026-05-15 00:00:00,Most
SNZ-107,CO2,31.14775943553957,66.78666145099515,2026-04-30 00:00:00,Centar
SNZ-102,Pritisak,18.378265471354805,67.24910639468243,2026-03-05 00:00:00,Tunel
SNZ-137,CO2,21.982927667485658,73.62556447535455,2026-03-16 00:00:00,Park
SNZ-130,Pritisak,34.94848474143105,12.027980961294094,2026-05-07 00:00:00,Park
SNZ-129,Temperatura,41.088049500435325,31.10588010615799,2026-03-03 00:00:00,Centar
SNZ-146,CO2,21.073109882637635,94.5586753983625,2026-06-01 00:00:00,Centar
SNZ-125,CO2,31.56968631734079,52.1764868374718,2026-04-30 00:00:00,Centar
SNZ-104,Temperatura,48.461460272668845,46.402322174406784,2026-04-10 00:00:00,Industrijska zona
SNZ-128,CO2,37.132967716675694,45.374893977115974,2026-02-27 00:00:00,Industrijska zona
SNZ-121,Temperatura,24.779500303687183,7.870066435497646,2026-04-30 00:00:00,Industrijska zona
SNZ-112,Vlažnost,53.26819700473469,92.11072336413974,2026-03-24 00:00:00,Most
SNZ-127,Vlažnost,55.87307557997826,72.24154904493317,2026-01-18 00:00:00,Industrijska zona
SNZ-135,Vlažnost,35.736283833943084,32.06566585425541,2026-03-15 00:00:00,Park
SNZ-129,CO2,44.851343126241815,43.65909212920578,2026-05-22 00:00:00,Industrijska zona
SNZ-115,Temperatura,20.206820993783804,11.594896164432066,2026-01-23 00:00:00,Industrijska zona
SNZ-125,Vlažnost,,0.56155960198504,2026-01-27 00:00:00,Tunel
SNZ-142,Temperatura,18.84892071335641,48.60705933725534,2026-15-05,Tunel
SNZ-147,CO2,28.07957038051968,47.76172165439132,2026-03-07 00:00:00,Park
SNZ-114,Vlažnost,45.94189535391524,66.41661857735464,2026-03-25 00:00:00,Tunel
SNZ-144,Temperatura,48.72933439114685,14.117814483137892,2026-02-28 00:00:00,Most
SNZ-125,Pritisak,18.737582365517817,16.13282602736994,2026-04-22 00:00:00,Industrijska zona
SNZ-129,Vlažnost,28.930563061417743,19.271989400508605,2026-02-13 00:00:00,Park
SNZ-127,Pritisak,4.8748540851187485,62.52288108366761,2026-01-07 00:00:00,Centar
SNZ-134,CO2,56.39429717647127,31.65378918335726,2026-01-05 00:00:00,Tunel
SNZ-144,Vlažnost,7.134489177583561,73.00919483087853,2026-05-16 00:00:00,Industrijska zona
SNZ-143,Vlažnost,8.19862068376726,30.532411499522272,2026-01-29 00:00:00,Tunel
SNZ-122,Vlažnost,34.556923260179744,25.52572443337673,2026-05-02 00:00:00,Most
SNZ-132,Temperatura,,80.52720178527753,2026-01-22 00:00:00,Industrijska zona
SNZ-110,Pritisak,3.3813653142581934,82.60518855717379,2026-04-03 00:00:00,Most
SNZ-100,Vlažnost,14.48596077778001,62.54098355973399,2026-05-09 00:00:00,Tunel
SNZ-109,Temperatura,17.52133790500473,62.62519616773241,2026-02-19 00:00:00,Most
SNZ-118,Temperatura,37.89660525347987,88.66743877686405,2026-01-17 00:00:00,Centar
SNZ-128,Vlažnost,37.83918148155086,52.17041039106333,2026-15-05,Park
SNZ-117,Pritisak,5.658849201923644,3.660982890754627,2026-01-13 00:00:00,Centar
SNZ-114,Vlažnost,55.790245917271704,98.98203336597375,2026-01-13 00:00:00,Centar
SNZ-140,Vlažnost,27.276494552863596,34.07444771756856,2026-02-14 00:00:00,Industrijska zona
SNZ-146,Pritisak,14.80366838150317,13.97846456207461,2026-05-29 00:00:00,Tunel
SNZ-137,CO2,19.734002433736965,38.64427542806735,2026-05-09 00:00:00,Centar
SNZ-148,Temperatura,21.015801837265336,48.430175098462605,2026-01-03 00:00:00,Centar
SNZ-125,Vlažnost,15.667819800705256,61.30176597664886,2026-05-02 00:00:00,Most
SNZ-109,CO2,-3.4583280434378594,11.450240567976378,2026-04-30 00:00:00,Park
SNZ-129,Vlažnost,26.864010491435888,41.69726071158701,2026-04-22 00:00:00,Centar
SNZ-137,Temperatura,4.534928017648262,84.48034346876818,2026-01-27 00:00:00,Most
SNZ-127,Vlažnost,12.868536785782982,41.8607438582686,2026-03-04 00:00:00,Tunel
SNZ-129,Vlažnost,30.567536261316246,40.89960545174643,2026-05-01 00:00:00,Most
SNZ-106,Temperatura,21.258338404461497,53.477532967296156,2026-15-05,Industrijska zona
SNZ-117,CO2,0.4738484646327237,60.752675900978325,2026-05-14 00:00:00,Park
SNZ-126,Pritisak,34.70039815760963,22.74425162964033,2026-01-01 00:00:00,Industrijska zona
SNZ-107,Vlažnost,31.216700612394995,62.48337810378112,2026-04-07 00:00:00,Tunel
SNZ-138,CO2,29.347816548238455,81.6631230771954,2026-05-20 00:00:00,Most
SNZ-140,Vlažnost,29.048752903845113,65.68528627718824,2026-04-22 00:00:00,Centar
SNZ-124,Pritisak,39.35715096297391,53.66767458570387,2026-01-03 00:00:00,Centar
SNZ-147,Vlažnost,7.5730003752579265,45.16357809274466,2026-02-28 00:00:00,Tunel
SNZ-130,CO2,19.44078182053545,54.131799284657454,2026-05-01 00:00:00,Industrijska zona
SNZ-106,Vlažnost,60.817130142899465,87.10725432189511,2026-03-31 00:00:00,Centar
SNZ-112,Vlažnost,0.30213514436270117,11.016114970994328,2026-01-07 00:00:00,Most
SNZ-142,CO2,39.840308337944094,53.13917547063836,2026-01-29 00:00:00,Most
SNZ-107,CO2,44.284502199503734,6.300213717599867,2026-01-24 00:00:00,Industrijska zona
SNZ-113,CO2,2.737874089512779,41.057984038366115,2026-02-13 00:00:00,Most
SNZ-101,Temperatura,-0.9392012840826709,26.03648746278846,2026-01-08 00:00:00,Tunel
SNZ-112,Pritisak,33.506749759369384,54.20827857609593,2026-01-04 00:00:00,Park
SNZ-117,Temperatura,32.25151971434656,32.682506869612126,2026-03-23 00:00:00,Centar
SNZ-107,Pritisak,49.949079482757455,85.63907265556377,2026-05-25 00:00:00,Industrijska zona
SNZ-141,Pritisak,38.16308381714923,46.887315799261906,2026-03-22 00:00:00,Tunel
SNZ-124,Temperatura,22.628234381622775,90.9902763178275,2026-05-01 00:00:00,Centar
SNZ-114,CO2,17.167744599672403,73.03586795667701,2026-04-21 00:00:00,Industrijska zona
SNZ-106,CO2,15.746932124627431,95.98842221387682,2026-01-20 00:00:00,Industrijska zona
SNZ-109,Pritisak,34.12814680343706,16.756511948629292,2026-03-26 00:00:00,Tunel
SNZ-124,CO2,10.967126421336443,30.134283804600614,2026-05-13 00:00:00,Park
SNZ-116,Temperatura,15.733591515678715,64.69678073170154,2026-04-13 00:00:00,Tunel
SNZ-108,Temperatura,35.067858866461265,30.15562137580059,2026-04-04 00:00:00,Centar
SNZ-147,Temperatura,24.70567340009332,-99.0,2026-03-02 00:00:00,Industrijska zona
SNZ-144,Temperatura,15.123317530592727,47.732276743264755,2026-02-23 00:00:00,Industrijska zona
SNZ-141,CO2,17.84806610247108,98.69565052310898,2026-15-05,Centar
SNZ-102,Pritisak,33.87364126162216,13.453363038269083,2026-03-09 00:00:00,Park
SNZ-117,Vlažnost,29.955794029480366,41.74988454283994,2026-01-18 00:00:00,Park
SNZ-103,Pritisak,35.4672083793625,32.57504089375923,2026-05-01 00:00:00,Tunel
SNZ-111,Temperatura,11.123759054952943,80.10950408264348,2026-03-06 00:00:00,Industrijska zona
SNZ-131,Vlažnost,39.06810155886642,57.27841403525902,2026-04-20 00:00:00,Tunel
SNZ-125,Pritisak,28.224944638855124,92.02461689244846,2026-01-21 00:00:00,Most
SNZ-127,Pritisak,54.680316819983474,39.74621242946711,2026-05-25 00:00:00,Centar
SNZ-130,Temperatura,,90.24804587896648,2026-02-04 00:00:00,Most
SNZ-104,Temperatura,47.33266237383259,24.406095177239393,2026-01-26 00:00:00,Centar
SNZ-110,Temperatura,0.6062276971204099,20.8704651582623,2026-05-06 00:00:00,Tunel
SNZ-130,CO2,8.923953642848865,84.38150040466252,2026-02-24 00:00:00,Park
SNZ-100,Pritisak,38.07100830474094,15.146673046400949,2026-04-18 00:00:00,Centar
SNZ-110,Pritisak,28.32361791390049,68.45517667248369,2026-02-03 00:00:00,Most
SNZ-139,CO2,27.935126418906535,10.07007381936299,2026-02-15 00:00:00,Industrijska zona
SNZ-107,Temperatura,63.65213653522359,69.91307491064362,2026-03-04 00:00:00,Most
SNZ-136,CO2,29.474861515227836,91.63389188190345,2026-03-06 00:00:00,Park
SNZ-106,CO2,36.6604470384031,83.55582000332637,2026-06-01 00:00:00,Tunel
SNZ-129,CO2,16.745849586802866,58.64699353566649,2026-05-23 00:00:00,Most
SNZ-140,Vlažnost,33.222667108895514,45.82687917645939,2026-03-10 00:00:00,Industrijska zona
SNZ-142,CO2,28.2566973964106,69.58050955663568,2026-01-22 00:00:00,Park
SNZ-121,Vlažnost,58.595145384417066,12.130894344223442,2026-04-28 00:00:00,Park
SNZ-102,Temperatura,28.32797081658529,27.593808596219326,2026-01-25 00:00:00,Centar
SNZ-148,Pritisak,-2.5591340234513424,88.57867389599566,2026-04-06 00:00:00,Centar
SNZ-132,CO2,37.66620918187513,23.330105864256268,2026-05-09 00:00:00,Most
SNZ-111,Temperatura,20.72497310111637,36.69354452187334,2026-04-25 00:00:00,Industrijska zona
SNZ-127,Pritisak,13.459360110163693,75.3412635812914,2026-05-08 00:00:00,Tunel
SNZ-115,CO2,-2.0046705318167852,54.303342718366686,2026-03-26 00:00:00,Industrijska zona
SNZ-118,Vlažnost,6.474083424107853,29.58227663618218,2026-05-16 00:00:00,Industrijska zona
SNZ-135,Temperatura,10.604245313757286,78.79986898319171,2026-15-05,Industrijska zona
SNZ-132,CO2,23.71426601947668,52.52047587324672,2026-04-01 00:00:00,Centar
SNZ-120,CO2,15.228308096782776,28.711916594499076,2026-02-23 00:00:00,Park
SNZ-100,Temperatura,19.79692627257971,75.77242826113239,2026-05-22 00:00:00,Park
SNZ-127,Vlažnost,19.843328925425087,73.7574454243086,2026-05-09 00:00:00,Most
SNZ-108,Vlažnost,63.31795894308474,1.576382486950556,2026-05-13 00:00:00,Industrijska zona
SNZ-137,CO2,23.726786235053115,22.831249028903756,2026-03-03 00:00:00,Centar
SNZ-131,CO2,26.936760217801588,46.10955754861949,2026-02-15 00:00:00,Park
SNZ-140,CO2,34.16119587309377,29.921814641943833,2026-03-28 00:00:00,Park
SNZ-118,Pritisak,30.190349033501054,19.404855494318916,2026-01-24 00:00:00,Centar
SNZ-134,Temperatura,24.295729387193752,80.85976458960609,2026-03-17 00:00:00,Most
SNZ-104,Vlažnost,29.337865610891036,40.73179894426499,2026-03-27 00:00:00,Industrijska zona
SNZ-110,Vlažnost,34.61961282749009,17.419920699836823,2026-15-05,Industrijska zona
SNZ-102,Temperatura,-1.7671348718572055,7.535726119220509,2026-02-11 00:00:00,Park
SNZ-144,Pritisak,59.62882461372355,68.70026176605884,2026-04-28 00:00:00,Park
SNZ-109,Pritisak,,62.9580849018821,2026-01-26 00:00:00,Most
SNZ-130,Vlažnost,18.21716617385925,33.16882676435334,2026-02-17 00:00:00,Park
SNZ-134,TEMP,24.217984573301308,96.23211745727379,2026-04-14 00:00:00,Tunel
SNZ-147,CO2,,14.408137931230847,2026-01-18 00:00:00,Tunel
SNZ-112,Pritisak,56.97884389118521,19.55699140779187,2026-05-02 00:00:00,Most
SNZ-136,CO2,29.474861515227836,91.63389188190345,2026-03-06 00:00:00,Park
SNZ-134,TEMP,24.217984573301308,96.23211745727379,2026-04-14 00:00:00,Tunel
SNZ-110,Vlažnost,38.8717060973448,77.71757265473121,2026-02-07 00:00:00,Tunel
SNZ-138,Pritisak,23.393789529386137,36.876014952959224,2026-03-27 00:00:00,Most
SNZ-116,CO2,42.60967368265892,98.01020972397392,2026-04-10 00:00:00,Tunel
SNZ-140,CO2,,4.655242595731391,2026-03-29 00:00:00,Park
SNZ-107,Pritisak,32.893729184039145,82.31577755217117,2026-01-16 00:00:00,Industrijska zona
SNZ-107,Temperatura,12.597088188916917,3.988318893930254,2026-04-21 00:00:00,Industrijska zona
SNZ-118,Temperatura,51.49983162208147,25.33997221347376,2026-03-03 00:00:00,Centar
SNZ-129,Vlažnost,52.6870857486204,29.41147627959573,2026-01-14 00:00:00,Most
SNZ-121,Vlažnost,29.255683916226374,21.97655864469139,2026-01-21 00:00:00,Centar
SNZ-121,Temperatura,-0.837445541533075,82.32665255784735,2026-04-23 00:00:00,Industrijska zona
SNZ-111,Temperatura,20.72497310111637,36.69354452187334,2026-04-25 00:00:00,Industrijska zona
SNZ-137,Temperatura,28.29839439506332,75.10392363969653,2026-03-08 00:00:00,Most
SNZ-133,CO2,42.29009731447574,60.568537574707634,2026-01-12 00:00:00,Park
SNZ-116,Temperatura,29.879747840174854,25.951969252486894,2026-02-10 00:00:00,Centar
SNZ-104,Temperatura,26.54951106368156,96.92106542127861,2026-15-05,Most
SNZ-109,Pritisak,,62.9580849018821,2026-01-26 00:00:00,Most
SNZ-101,Temperatura,24.405935339835448,0.8553246320819996,2026-03-18 00:00:00,Centar
SNZ-127,Pritisak,19.586719960117357,30.255420077247162,2026-02-27 00:00:00,Most
SNZ-123,Pritisak,25.289142027580347,99.26446603678083,2026-05-29 00:00:00,Most
SNZ-111,Temperatura,38.03420260828821,92.77708407678797,2026-04-22 00:00:00,Industrijska zona
SNZ-135,Temperatura,41.124962122216765,33.22335929202107,2026-02-27 00:00:00,Centar
SNZ-143,Temperatura,39.35278989210222,0.021261059965982376,2026-01-18 00:00:00,Park
SNZ-120,CO2,47.487813497172915,96.49699097593061,2026-05-04 00:00:00,Tunel
