id,type,value,battery,date,location
100,CO2,21.83,65.13,2026-04-21,Industrijska zona
100,Pritisak,10.79,47.73,2026-05-20,Industrijska zona
100,Temperatura,25.52,0.65,2026-05-14,Most
100,Vlažnost,14.49,62.54,2026-05-09,Tunel
100,Vlažnost,2.72,85.99,2026-05-06,Centar
100,Pritisak,6.98,44.05,2026-03-09,Industrijska zona
100,Temperatura,21.45,13.82,2026-05-09,Tunel
100,Pritisak,32.78,86.32,2026-05-13,Centar
100,Pritisak,24.89,81.31,2026-02-04,Industrijska zona
100,Vlažnost,39.26,62.47,2026-01-30,Centar
100,Pritisak,38.07,15.15,2026-04-18,Centar
100,Vlažnost,13.65,49.51,2026-05-15,Most
100,Vlažnost,17.83,79.57,2026-05-19,Tunel
100,Pritisak,47.8,40.89,2026-02-03,Most
100,Vlažnost,39.62,1.23,2026-03-29,Tunel
100,Vlažnost,32.41,18.34,2026-03-22,Park
100,Temperatura,19.8,75.77,2026-05-22,Park
101,Temperatura,29.77,39.44,2026-05-23,Tunel
101,Temperatura,30.6,22.54,2026-05-24,Park
101,Vlažnost,49.85,96.28,2026-04-02,Most
101,Temperatura,43.23,16.13,2026-02-04,Park
101,Vlažnost,3.37,98.48,2026-04-03,Centar
101,Vlažnost,27.0,26.69,2026-01-17,Park
101,CO2,17.68,54.03,2026-04-14,Industrijska zona
101,Pritisak,14.86,80.03,2026-03-11,Park
101,Vlažnost,46.04,84.03,2026-03-19,Centar
101,Pritisak,26.54,25.54,2026-05-09,Most
101,Pritisak,8.62,35.56,2026-05-03,Centar
101,Vlažnost,6.21,7.25,2026-05-27,Tunel
101,Pritisak,14.5,55.1,2026-02-09,Most
101,Temperatura,24.41,0.86,2026-03-18,Centar
101,Vlažnost,45.95,95.3,2026-01-14,Tunel
101,Pritisak,33.75,62.79,2026-05-09,Industrijska zona
101,CO2,27.06,77.2,2026-05-08,Centar
101,Pritisak,8.57,81.23,2026-02-27,Most
102,CO2,8.91,40.64,2026-04-25,Industrijska zona
102,Pritisak,36.02,37.93,2026-05-13,Industrijska zona
102,Pritisak,18.38,67.25,2026-03-05,Tunel
102,CO2,34.91,1.06,2026-02-17,Industrijska zona
102,CO2,30.29,39.18,2026-04-15,Most
102,Pritisak,40.38,19.24,2026-03-06,Tunel
102,Temperatura,20.76,17.01,2026-05-04,Centar
102,CO2,11.74,26.16,2026-02-18,Most
102,Temperatura,28.33,27.59,2026-01-25,Centar
102,Vlažnost,20.84,74.34,2026-05-31,Tunel
102,CO2,17.94,70.71,2026-02-18,Centar
102,Pritisak,45.02,35.72,2026-01-19,Centar
102,CO2,14.61,11.9,2026-03-01,Most
102,Temperatura,14.18,88.14,2026-02-14,Park
102,CO2,22.44,62.92,2026-02-19,Park
102,Vlažnost,19.72,93.45,2026-03-23,Industrijska zona
102,Pritisak,37.91,1.11,2026-04-27,Tunel
102,Pritisak,33.87,13.45,2026-03-09,Park
102,Vlažnost,24.97,89.87,2026-02-01,Centar
103,CO2,15.14,35.0,2026-03-01,Park
103,Pritisak,50.67,0.96,2026-06-01,Industrijska zona
103,Vlažnost,18.55,61.32,2026-01-19,Tunel
103,Pritisak,30.6,33.15,2026-04-20,Industrijska zona
103,CO2,10.11,57.11,2026-01-19,Centar
103,CO2,11.05,69.43,2026-03-20,Centar
103,CO2,17.2,82.71,2026-01-23,Most
103,Pritisak,14.73,49.41,2026-02-19,Tunel
103,CO2,33.18,76.12,2026-05-15,Most
103,Pritisak,35.47,32.58,2026-05-01,Tunel
103,Pritisak,22.9,93.04,2026-01-22,Centar
103,CO2,30.51,24.17,2026-04-02,Tunel
103,Pritisak,8.29,40.8,2026-01-01,Centar
104,CO2,20.94,12.83,2026-03-28,Centar
104,Vlažnost,37.15,57.48,2026-01-23,Park
104,Temperatura,48.46,46.4,2026-04-10,Industrijska zona
104,Pritisak,21.65,42.26,2026-05-25,Industrijska zona
104,Pritisak,27.13,26.03,2026-03-24,Park
104,Temperatura,41.85,70.12,2026-03-27,Centar
104,Vlažnost,20.79,13.94,2026-05-05,Tunel
104,CO2,37.83,54.49,2026-04-13,Centar
104,Pritisak,23.47,57.22,2026-01-05,Tunel
104,CO2,15.55,32.2,2026-05-18,Centar
104,Vlažnost,29.34,40.73,2026-03-27,Industrijska zona
104,Pritisak,13.35,48.65,2026-04-09,Park
104,Temperatura,47.33,24.41,2026-01-26,Centar
104,Temperatura,63.13,81.75,2026-01-26,Centar
104,Vlažnost,55.6,3.95,2026-04-25,Tunel
104,Pritisak,31.41,35.71,2026-05-25,Most
104,Pritisak,17.09,49.36,2026-02-09,Tunel
104,CO2,33.43,13.06,2026-01-18,Park
104,Vlažnost,24.53,40.05,2026-02-16,Most
105,Temperatura,19.58,35.98,2026-01-29,Most
105,Vlažnost,27.37,88.08,2026-04-06,Tunel
105,Pritisak,28.78,80.94,2026-03-17,Centar
105,Pritisak,67.92,58.53,2026-02-06,Tunel
105,CO2,31.81,18.26,2026-05-10,Most
105,CO2,7.3,54.51,2026-01-28,Park
105,CO2,26.54,35.41,2026-01-29,Industrijska zona
105,Pritisak,35.72,69.19,2026-04-21,Most
105,Temperatura,54.56,18.61,2026-03-25,Most
105,Vlažnost,15.62,68.5,2026-03-09,Industrijska zona
105,Vlažnost,12.8,24.98,2026-03-08,Park
105,Temperatura,16.27,93.17,2026-01-20,Centar
105,Pritisak,4.59,52.37,2026-03-26,Park
105,CO2,28.5,33.99,2026-01-09,Centar
105,Vlažnost,17.83,58.3,2026-01-21,Park
105,Pritisak,27.67,27.34,2026-05-29,Park
105,Pritisak,15.76,27.08,2026-04-16,Industrijska zona
105,CO2,18.98,37.16,2026-03-25,Industrijska zona
106,Vlažnost,0.54,28.52,2026-02-04,Park
106,CO2,31.63,75.28,2026-01-07,Most
106,Vlažnost,6.94,78.85,2026-01-05,Tunel
106,Vlažnost,17.23,45.06,2026-05-12,Tunel
106,CO2,15.75,95.99,2026-01-20,Industrijska zona
106,CO2,36.66,83.56,2026-06-01,Tunel
106,CO2,50.65,27.0,2026-04-22,Centar
106,Pritisak,5.41,57.12,2026-04-18,Industrijska zona
106,Pritisak,48.27,69.5,2026-05-29,Park
106,CO2,52.11,35.37,2026-03-21,Most
106,Temperatura,59.11,38.4,2026-03-14,Most
106,Temperatura,11.2,15.79,2026-02-21,Tunel
106,Pritisak,39.93,86.9,2026-01-06,Tunel
106,Vlažnost,25.51,3.67,2026-01-18,Industrijska zona
106,Vlažnost,60.82,87.11,2026-03-31,Centar
106,Temperatura,35.72,14.58,2026-03-28,Park
106,Pritisak,5.93,86.16,2026-02-10,Industrijska zona
106,Vlažnost,25.65,78.04,2026-02-08,Tunel
107,Vlažnost,31.22,62.48,2026-04-07,Tunel
107,Temperatura,12.6,3.99,2026-04-21,Industrijska zona
107,Temperatura,21.86,43.91,2026-04-28,Industrijska zona
107,Temperatura,39.44,57.12,2026-01-19,Tunel
107,CO2,2.15,54.62,2026-04-30,Centar
107,CO2,7.89,0.72,2026-05-04,Tunel
107,Pritisak,30.77,42.3,2026-05-16,Park
107,Pritisak,18.8,64.22,2026-02-08,Industrijska zona
107,Vlažnost,15.15,26.51,2026-03-06,Industrijska zona
107,CO2,31.15,66.79,2026-04-30,Centar
107,CO2,44.28,6.3,2026-01-24,Industrijska zona
107,Temperatura,27.05,57.92,2026-02-09,Park
107,Vlažnost,26.38,85.61,2026-03-01,Most
107,Temperatura,63.65,69.91,2026-03-04,Most
107,Pritisak,49.95,85.64,2026-05-25,Industrijska zona
107,CO2,29.91,94.09,2026-03-14,Centar
107,Pritisak,39.73,54.6,2026-03-01,Most
107,CO2,26.97,24.96,2026-02-26,Tunel
107,Vlažnost,5.47,95.8,2026-03-24,Most
107,Pritisak,32.89,82.32,2026-01-16,Industrijska zona
108,Pritisak,36.32,56.35,2026-01-22,Most
108,Temperatura,40.55,64.68,2026-01-12,Tunel
108,CO2,18.43,36.3,2026-03-02,Industrijska zona
108,Pritisak,13.89,92.67,2026-02-08,Industrijska zona
108,Pritisak,13.32,52.37,2026-05-09,Centar
108,Vlažnost,63.32,1.58,2026-05-13,Industrijska zona
108,Temperatura,8.15,63.78,2026-01-03,Industrijska zona
108,Pritisak,13.79,18.65,2026-02-23,Tunel
108,Pritisak,21.97,48.73,2026-02-07,Industrijska zona
108,Temperatura,33.49,53.22,2026-05-18,Centar
108,Vlažnost,10.51,62.15,2026-05-30,Most
108,Temperatura,35.07,30.16,2026-04-04,Centar
109,Pritisak,34.13,16.76,2026-03-26,Tunel
109,Temperatura,23.29,75.81,2026-03-26,Park
109,Vlažnost,26.96,99.62,2026-05-05,Most
109,Temperatura,61.63,36.52,2026-01-27,Centar
109,Pritisak,24.66,31.14,2026-03-24,Most
109,Temperatura,3.23,52.85,2026-01-12,Most
109,Temperatura,3.48,69.51,2026-03-22,Park
109,Temperatura,39.27,1.46,2026-04-08,Park
109,Pritisak,14.72,75.09,2026-03-03,Most
109,Pritisak,27.0,57.64,2026-05-19,Park
109,Temperatura,37.35,32.11,2026-04-10,Most
109,Pritisak,32.61,36.27,2026-03-13,Tunel
109,Vlažnost,10.01,32.46,2026-05-02,Park
109,Temperatura,25.67,26.12,2026-03-07,Industrijska zona
109,Temperatura,31.81,46.0,2026-04-12,Tunel
109,Temperatura,17.52,62.63,2026-02-19,Most
109,CO2,28.64,14.37,2026-02-18,Most
109,Vlažnost,5.67,65.4,2026-05-09,Industrijska zona
109,Vlažnost,13.44,41.41,2026-04-01,Industrijska zona
110,Pritisak,3.38,82.61,2026-04-03,Most
110,Vlažnost,23.88,29.61,2026-03-01,Industrijska zona
110,Pritisak,16.38,10.75,2026-04-03,Park
110,Pritisak,45.38,59.01,2026-02-21,Tunel
110,Vlažnost,38.87,77.72,2026-02-07,Tunel
110,CO2,15.49,0.86,2026-02-21,Industrijska zona
110,CO2,8.53,71.4,2026-05-07,Tunel
110,Temperatura,0.61,20.87,2026-05-06,Tunel
110,Vlažnost,24.85,46.19,2026-03-26,Industrijska zona
110,Vlažnost,21.57,5.6,2026-03-17,Industrijska zona
110,Pritisak,28.32,68.46,2026-02-03,Most
110,Temperatura,35.39,34.35,2026-03-23,Most
110,Temperatura,26.17,3.96,2026-01-28,Most
110,Vlažnost,13.81,29.55,2026-01-31,Most
111,Temperatura,18.33,44.03,2026-03-29,Centar
111,Pritisak,58.7,35.13,2026-01-04,Park
111,Temperatura,38.03,92.78,2026-04-22,Industrijska zona
111,Pritisak,33.09,7.02,2026-01-14,Centar
111,CO2,31.57,83.53,2026-02-22,Most
111,Temperatura,11.12,80.11,2026-03-06,Industrijska zona
111,Pritisak,24.61,83.66,2026-01-24,Tunel
111,CO2,16.3,3.72,2026-04-25,Industrijska zona
111,Temperatura,15.38,15.61,2026-01-27,Most
111,Temperatura,22.86,67.08,2026-03-09,Industrijska zona
111,CO2,43.8,18.95,2026-01-09,Centar
111,CO2,38.55,81.44,2026-01-13,Most
111,Temperatura,7.75,82.86,2026-05-16,Industrijska zona
111,Vlažnost,42.23,79.9,2026-03-17,Industrijska zona
111,CO2,34.93,9.15,2026-03-17,Centar
111,Vlažnost,29.93,51.15,2026-02-10,Tunel
111,Vlažnost,45.35,60.01,2026-02-27,Industrijska zona
111,Pritisak,29.54,67.12,2026-02-04,Most
111,Temperatura,43.31,44.68,2026-05-06,Park
111,Temperatura,20.72,36.69,2026-04-25,Industrijska zona
111,Vlažnost,4.24,77.59,2026-02-22,Most
111,CO2,31.9,94.53,2026-03-27,Tunel
112,Temperatura,18.23,60.94,2026-05-31,Most
112,Pritisak,2.26,94.65,2026-02-04,Centar
112,CO2,9.3,13.84,2026-05-14,Park
112,Vlažnost,26.77,9.5,2026-05-23,Most
112,Temperatura,42.03,91.75,2026-05-12,Industrijska zona
112,Temperatura,33.8,32.47,2026-03-25,Industrijska zona
112,Temperatura,34.19,11.93,2026-03-03,Most
112,CO2,36.77,15.33,2026-05-11,Centar
112,Pritisak,48.64,44.87,2026-04-12,Industrijska zona
112,Pritisak,7.82,92.39,2026-05-23,Most
112,Vlažnost,0.3,11.02,2026-01-07,Most
112,Vlažnost,53.27,92.11,2026-03-24,Most
112,Pritisak,56.98,19.56,2026-05-02,Most
112,Pritisak,27.66,82.0,2026-04-15,Park
112,Temperatura,22.38,1.69,2026-03-31,Industrijska zona
112,CO2,10.36,76.48,2026-02-17,Park
112,CO2,26.21,75.47,2026-03-08,Most
112,CO2,29.1,7.17,2026-02-07,Industrijska zona
112,Vlažnost,28.2,24.82,2026-03-10,Tunel
112,Vlažnost,35.88,55.04,2026-01-23,Centar
112,Pritisak,31.41,53.72,2026-01-11,Park
112,Temperatura,16.05,87.82,2026-05-26,Industrijska zona
112,Pritisak,33.51,54.21,2026-01-04,Park
112,Pritisak,48.17,13.76,2026-03-23,Industrijska zona
113,Pritisak,15.86,88.79,2026-03-02,Industrijska zona
113,Pritisak,20.8,66.34,2026-03-31,Centar
113,CO2,36.31,26.26,2026-03-12,Industrijska zona
113,Vlažnost,41.88,12.86,2026-03-29,Industrijska zona
113,CO2,28.75,20.96,2026-05-22,Centar
113,Pritisak,12.73,60.32,2026-02-04,Tunel
113,Temperatura,35.85,1.06,2026-05-03,Most
113,Temperatura,21.95,68.95,2026-04-21,Most
113,Pritisak,24.86,95.97,2026-03-25,Centar
113,CO2,17.69,69.87,2026-01-26,Industrijska zona
113,Vlažnost,22.28,84.72,2026-01-28,Tunel
113,Vlažnost,14.07,27.57,2026-05-13,Centar
113,CO2,2.74,41.06,2026-02-13,Most
113,Vlažnost,29.99,51.27,2026-04-04,Park
113,Vlažnost,33.74,65.9,2026-03-02,Park
113,Temperatura,18.95,71.91,2026-02-12,Park
113,Temperatura,10.68,80.2,2026-05-24,Most
114,Temperatura,36.8,56.93,2026-01-01,Centar
114,CO2,23.38,50.25,2026-04-13,Park
114,Vlažnost,39.73,71.91,2026-02-09,Most
114,Vlažnost,28.09,34.66,2026-05-18,Centar
114,Temperatura,30.59,21.56,2026-03-11,Centar
114,Vlažnost,63.01,80.29,2026-06-01,Tunel
114,Vlažnost,45.94,66.42,2026-03-25,Tunel
114,CO2,22.12,81.58,2026-01-25,Most
114,Temperatura,15.49,24.18,2026-04-19,Tunel
114,Vlažnost,55.79,98.98,2026-01-13,Centar
114,Vlažnost,20.44,53.78,2026-01-22,Most
114,CO2,16.47,2.78,2026-02-18,Industrijska zona
114,Vlažnost,51.22,44.79,2026-03-24,Park
114,CO2,17.17,73.04,2026-04-21,Industrijska zona
115,Vlažnost,24.51,16.67,2026-03-01,Centar
115,Pritisak,30.28,75.22,2026-05-25,Park
115,Pritisak,12.69,10.94,2026-01-22,Centar
115,Vlažnost,26.25,14.25,2026-01-12,Most
115,Pritisak,40.83,34.05,2026-02-17,Industrijska zona
115,CO2,42.69,57.16,2026-05-10,Centar
115,Vlažnost,26.9,19.61,2026-02-17,Park
115,Temperatura,20.21,11.59,2026-01-23,Industrijska zona
115,Pritisak,28.45,0.03,2026-05-04,Industrijska zona
115,Temperatura,34.28,76.23,2026-02-01,Park
115,CO2,52.87,59.31,2026-04-18,Tunel
115,CO2,31.73,87.19,2026-05-02,Centar
115,Pritisak,19.59,55.78,2026-02-18,Tunel
115,CO2,0.75,20.12,2026-05-25,Tunel
115,Temperatura,46.48,53.79,2026-05-11,Tunel
116,Vlažnost,31.23,31.54,2026-01-06,Most
116,Pritisak,21.26,17.6,2026-02-15,Centar
116,CO2,34.67,60.96,2026-04-30,Park
116,Pritisak,41.39,31.05,2026-03-02,Park
116,Pritisak,22.69,39.43,2026-02-23,Industrijska zona
116,Temperatura,29.88,25.95,2026-02-10,Centar
116,CO2,42.61,98.01,2026-04-10,Tunel
116,CO2,21.44,33.27,2026-01-22,Tunel
116,Temperatura,15.73,64.7,2026-04-13,Tunel
116,CO2,14.44,7.3,2026-03-23,Tunel
116,CO2,33.02,61.48,2026-04-09,Tunel
117,Temperatura,20.18,48.22,2026-01-21,Most
117,Vlažnost,5.92,43.5,2026-03-19,Centar
117,CO2,38.71,46.88,2026-03-02,Tunel
117,Temperatura,37.26,46.91,2026-01-01,Industrijska zona
117,Temperatura,32.25,32.68,2026-03-23,Centar
117,Temperatura,37.21,64.72,2026-03-15,Centar
117,Vlažnost,44.79,84.71,2026-03-13,Tunel
117,Temperatura,16.96,85.5,2026-01-19,Industrijska zona
117,Pritisak,19.93,49.84,2026-05-11,Park
117,Vlažnost,32.46,86.72,2026-01-24,Tunel
117,Vlažnost,15.21,24.87,2026-04-17,Most
117,Vlažnost,29.96,41.75,2026-01-18,Park
117,CO2,0.47,60.75,2026-05-14,Park
117,Pritisak,5.66,3.66,2026-01-13,Centar
117,CO2,30.29,18.12,2026-02-21,Tunel
118,Pritisak,23.55,76.22,2026-03-26,Industrijska zona
118,Temperatura,44.18,25.3,2026-05-01,Most
118,Pritisak,30.19,19.4,2026-01-24,Centar
118,Vlažnost,6.47,29.58,2026-05-16,Industrijska zona
118,Temperatura,35.99,68.68,2026-01-17,Most
118,Pritisak,19.37,9.04,2026-05-22,Industrijska zona
118,Temperatura,51.5,25.34,2026-03-03,Centar
118,CO2,40.8,68.18,2026-03-18,Centar
118,Vlažnost,48.84,53.07,2026-05-08,Tunel
118,Vlažnost,2.92,67.64,2026-04-04,Industrijska zona
118,Vlažnost,0.77,39.2,2026-02-23,Tunel
118,Pritisak,48.05,21.82,2026-04-25,Park
118,Pritisak,41.81,60.5,2026-03-25,Tunel
118,Temperatura,31.98,0.79,2026-05-12,Centar
118,Vlažnost,9.22,93.18,2026-01-19,Industrijska zona
118,Pritisak,24.04,95.58,2026-05-20,Tunel
118,Temperatura,37.9,88.67,2026-01-17,Centar
118,Temperatura,29.29,38.41,2026-04-21,Tunel
119,Pritisak,26.51,36.16,2026-01-15,Park
119,CO2,18.39,43.46,2026-04-05,Park
119,Vlažnost,22.05,65.19,2026-04-03,Tunel
119,Pritisak,8.81,57.7,2026-01-30,Tunel
119,Pritisak,36.14,51.94,2026-04-30,Centar
119,Vlažnost,11.2,54.32,2026-01-27,Centar
119,Pritisak,15.92,88.44,2026-04-25,Tunel
119,CO2,39.6,99.76,2026-03-02,Centar
119,Temperatura,22.91,24.45,2026-03-03,Most
119,Vlažnost,27.52,44.14,2026-03-13,Tunel
119,Vlažnost,11.65,92.86,2026-04-28,Most
119,Pritisak,15.72,96.88,2026-04-29,Most
119,CO2,36.51,72.09,2026-05-11,Park
119,CO2,34.42,84.38,2026-02-09,Park
120,CO2,31.14,43.98,2026-06-01,Park
120,Temperatura,19.41,20.82,2026-02-01,Park
120,Pritisak,29.38,86.61,2026-02-11,Tunel
120,Temperatura,18.06,3.91,2026-05-31,Park
120,Pritisak,27.56,75.22,2026-03-13,Industrijska zona
120,Pritisak,11.5,55.84,2026-01-15,Industrijska zona
120,Temperatura,42.73,25.55,2026-04-27,Tunel
120,Pritisak,32.18,16.71,2026-02-10,Most
120,CO2,27.35,82.4,2026-03-26,Centar
120,CO2,15.23,28.71,2026-02-23,Park
120,CO2,26.48,72.89,2026-01-22,Tunel
120,CO2,47.49,96.5,2026-05-04,Tunel
120,Pritisak,23.37,35.23,2026-05-19,Tunel
120,Vlažnost,31.95,77.78,2026-04-08,Centar
120,Vlažnost,39.52,35.46,2026-02-25,Park
121,Vlažnost,37.41,53.3,2026-05-12,Park
121,Vlažnost,16.43,74.33,2026-04-27,Most
121,Temperatura,11.68,31.43,2026-04-24,Tunel
121,CO2,38.47,16.42,2026-03-12,Industrijska zona
121,Temperatura,50.33,7.29,2026-02-20,Tunel
121,Temperatura,45.85,14.65,2026-02-10,Most
121,CO2,13.67,63.95,2026-01-02,Most
121,Vlažnost,29.26,21.98,2026-01-21,Centar
121,Pritisak,27.48,76.84,2026-02-09,Tunel
121,Pritisak,41.26,20.25,2026-05-26,Most
121,Temperatura,47.58,5.44,2026-02-10,Most
121,Temperatura,20.73,70.44,2026-02-18,Industrijska zona
121,Vlažnost,16.69,67.8,2026-04-03,Tunel
121,Temperatura,24.78,7.87,2026-04-30,Industrijska zona
121,CO2,11.89,90.51,2026-04-03,Centar
121,Vlažnost,20.76,20.88,2026-05-14,Most
121,Vlažnost,58.6,12.13,2026-04-28,Park
122,Pritisak,14.65,72.88,2026-03-16,Tunel
122,Temperatura,29.06,46.57,2026-05-13,Park
122,Vlažnost,24.53,4.69,2026-02-14,Park
122,Temperatura,44.85,87.25,2026-03-05,Industrijska zona
122,CO2,41.9,86.21,2026-05-13,Centar
122,Temperatura,18.57,1.66,2026-03-18,Most
122,Temperatura,68.21,18.19,2026-01-08,Tunel
122,Vlažnost,34.56,25.53,2026-05-02,Most
122,Pritisak,21.43,60.06,2026-05-14,Most
122,Temperatura,30.82,67.22,2026-01-17,Centar
123,Vlažnost,13.61,26.44,2026-05-24,Most
123,Pritisak,32.65,63.96,2026-02-23,Park
123,Vlažnost,46.58,9.41,2026-01-14,Industrijska zona
123,CO2,41.16,71.73,2026-01-02,Park
123,Pritisak,33.71,55.93,2026-02-12,Most
123,Pritisak,25.29,99.26,2026-05-29,Most
123,Temperatura,21.35,64.82,2026-01-08,Centar
123,Pritisak,44.77,92.74,2026-05-01,Park
123,Temperatura,4.41,56.34,2026-04-09,Tunel
123,Pritisak,24.98,43.58,2026-02-06,Tunel
123,Temperatura,34.68,18.89,2026-05-22,Tunel
123,Vlažnost,18.34,14.25,2026-03-11,Industrijska zona
123,Vlažnost,24.98,12.14,2026-02-20,Most
123,Vlažnost,24.44,32.34,2026-03-08,Tunel
123,Temperatura,29.89,3.89,2026-04-09,Centar
123,Pritisak,51.05,41.89,2026-02-28,Park
123,Temperatura,33.05,11.88,2026-01-04,Centar
123,CO2,24.24,67.71,2026-01-03,Tunel
123,CO2,26.86,26.35,2026-04-06,Industrijska zona
123,CO2,23.34,43.67,2026-03-04,Park
124,Temperatura,25.09,82.57,2026-05-17,Centar
124,Temperatura,20.22,35.92,2026-03-27,Industrijska zona
124,Temperatura,39.13,50.39,2026-05-02,Most
124,CO2,10.97,30.13,2026-05-13,Park
124,Temperatura,22.63,90.99,2026-05-01,Centar
124,CO2,35.57,26.31,2026-02-08,Tunel
124,Temperatura,0.53,47.99,2026-01-22,Park
124,Pritisak,39.36,53.67,2026-01-03,Centar
124,Vlažnost,6.31,90.79,2026-01-09,Park
124,Pritisak,27.52,35.21,2026-03-25,Tunel
124,CO2,54.84,88.92,2026-04-29,Industrijska zona
124,CO2,13.1,96.84,2026-01-13,Industrijska zona
124,Temperatura,23.84,68.11,2026-03-01,Most
124,Temperatura,0.57,99.5,2026-01-09,Centar
124,Temperatura,29.66,90.74,2026-03-05,Tunel
124,Temperatura,31.61,31.96,2026-03-17,Tunel
125,Pritisak,7.51,86.21,2026-01-16,Park
125,Temperatura,21.81,1.18,2026-01-08,Centar
125,Pritisak,41.87,72.52,2026-04-07,Industrijska zona
125,Temperatura,23.54,36.55,2026-01-10,Tunel
125,Pritisak,26.69,1.31,2026-05-08,Tunel
125,CO2,6.17,37.58,2026-01-27,Centar
125,Vlažnost,12.53,74.19,2026-03-04,Centar
125,Pritisak,47.07,34.56,2026-05-30,Most
125,CO2,39.18,81.87,2026-03-21,Most
125,Pritisak,18.74,16.13,2026-04-22,Industrijska zona
125,Pritisak,15.01,94.26,2026-05-17,Tunel
125,Pritisak,37.14,71.03,2026-03-23,Most
125,Pritisak,28.22,92.02,2026-01-21,Most
125,Vlažnost,15.67,61.3,2026-05-02,Most
125,Vlažnost,59.26,44.16,2026-05-23,Park
125,CO2,14.23,40.83,2026-04-09,Most
125,CO2,31.57,52.18,2026-04-30,Centar
125,Vlažnost,36.05,38.9,2026-05-02,Tunel
126,CO2,27.08,41.32,2026-05-16,Centar
126,Vlažnost,46.28,82.15,2026-01-27,Industrijska zona
126,Pritisak,36.35,54.06,2026-03-30,Centar
126,Temperatura,22.32,66.48,2026-04-07,Most
126,CO2,24.42,81.06,2026-01-03,Park
126,Vlažnost,27.83,27.77,2026-04-19,Tunel
126,Temperatura,47.19,95.22,2026-01-22,Industrijska zona
126,CO2,23.97,81.26,2026-03-20,Centar
126,Vlažnost,16.69,95.56,2026-02-08,Park
126,Pritisak,6.7,36.92,2026-03-14,Park
126,Pritisak,34.7,22.74,2026-01-01,Industrijska zona
126,Temperatura,18.19,47.36,2026-03-14,Tunel
126,Pritisak,24.38,73.69,2026-05-02,Industrijska zona
126,Temperatura,30.08,32.33,2026-02-27,Industrijska zona
127,Pritisak,1.12,61.53,2026-05-22,Park
127,Temperatura,15.73,92.83,2026-01-29,Tunel
127,Temperatura,16.99,60.88,2026-05-08,Most
127,Pritisak,23.71,74.24,2026-04-04,Park
127,Pritisak,33.34,61.6,2026-01-16,Industrijska zona
127,CO2,41.92,50.66,2026-04-29,Tunel
127,Vlažnost,19.84,73.76,2026-05-09,Most
127,Pritisak,13.46,75.34,2026-05-08,Tunel
127,Pritisak,19.59,30.26,2026-02-27,Most
127,CO2,53.68,77.82,2026-01-02,Most
127,Temperatura,21.59,4.78,2026-04-04,Park
127,Temperatura,32.11,59.44,2026-06-01,Tunel
127,Vlažnost,12.87,41.86,2026-03-04,Tunel
127,Pritisak,27.56,18.02,2026-03-31,Most
127,CO2,18.46,46.32,2026-03-04,Tunel
127,Vlažnost,38.41,74.99,2026-01-06,Centar
127,Pritisak,4.87,62.52,2026-01-07,Centar
127,Temperatura,26.53,67.8,2026-04-11,Centar
127,Temperatura,3.8,14.25,2026-04-20,Industrijska zona
127,Vlažnost,55.87,72.24,2026-01-18,Industrijska zona
127,CO2,28.01,42.56,2026-02-05,Industrijska zona
127,Pritisak,43.33,13.68,2026-01-05,Centar
127,Vlažnost,54.08,51.34,2026-04-29,Industrijska zona
127,Pritisak,54.68,39.75,2026-05-25,Centar
127,Temperatura,45.22,90.26,2026-03-07,Industrijska zona
128,Vlažnost,23.23,45.0,2026-02-18,Industrijska zona
128,CO2,44.82,92.09,2026-02-24,Park
128,CO2,37.13,45.37,2026-02-27,Industrijska zona
128,CO2,46.72,76.73,2026-01-15,Most
128,Pritisak,14.28,43.27,2026-05-25,Tunel
128,Temperatura,21.33,43.89,2026-04-19,Most
128,Pritisak,22.25,24.41,2026-01-27,Park
128,Vlažnost,19.46,67.59,2026-04-30,Most
128,Pritisak,15.14,87.84,2026-02-13,Tunel
128,Vlažnost,15.66,94.18,2026-05-13,Industrijska zona
128,Pritisak,25.8,52.52,2026-05-04,Tunel
128,Vlažnost,13.18,68.19,2026-01-03,Most
128,CO2,3.19,13.44,2026-03-08,Industrijska zona
128,Temperatura,1.29,82.64,2026-01-30,Most
128,Pritisak,21.45,96.6,2026-01-23,Industrijska zona
128,Vlažnost,20.09,88.99,2026-01-04,Centar
129,Vlažnost,31.99,29.27,2026-05-18,Park
129,Temperatura,34.06,56.37,2026-05-26,Industrijska zona
129,Vlažnost,4.52,88.31,2026-05-08,Park
129,Temperatura,48.52,15.84,2026-05-07,Tunel
129,CO2,16.75,58.65,2026-05-23,Most
129,CO2,41.17,55.49,2026-04-22,Most
129,Temperatura,27.4,40.89,2026-05-11,Industrijska zona
129,Vlažnost,47.4,61.46,2026-02-14,Most
129,Vlažnost,32.49,63.97,2026-02-15,Centar
129,CO2,21.73,10.52,2026-02-24,Park
129,CO2,33.38,19.97,2026-04-16,Centar
129,Pritisak,32.7,57.42,2026-04-14,Most
129,Vlažnost,26.86,41.7,2026-04-22,Centar
129,Vlažnost,28.93,19.27,2026-02-13,Park
129,Vlažnost,30.13,72.53,2026-05-16,Park
129,Vlažnost,30.57,40.9,2026-05-01,Most
129,CO2,32.92,60.08,2026-02-04,Tunel
129,Pritisak,14.29,19.64,2026-03-15,Industrijska zona
129,Vlažnost,52.69,29.41,2026-01-14,Most
129,Vlažnost,2.51,41.51,2026-02-22,Tunel
129,Pritisak,14.33,32.68,2026-05-22,Tunel
129,CO2,44.85,43.66,2026-05-22,Industrijska zona
129,Temperatura,41.09,31.11,2026-03-03,Centar
129,Vlažnost,12.21,67.37,2026-04-09,Centar
129,Temperatura,29.79,98.6,2026-05-30,Most
129,Vlažnost,29.48,18.83,2026-01-04,Park
129,Temperatura,9.74,65.33,2026-01-05,Park
130,Temperatura,11.98,11.8,2026-02-06,Tunel
130,Vlažnost,22.85,77.09,2026-03-22,Park
130,CO2,35.69,39.39,2026-05-14,Industrijska zona
130,Pritisak,34.95,12.03,2026-05-07,Park
130,CO2,13.93,45.5,2026-05-03,Park
130,CO2,19.44,54.13,2026-05-01,Industrijska zona
130,Pritisak,32.14,90.68,2026-05-06,Park
130,Temperatura,31.4,99.99,2026-02-04,Tunel
130,Temperatura,10.06,39.41,2026-04-17,Park
130,Vlažnost,18.22,33.17,2026-02-17,Park
130,CO2,8.92,84.38,2026-02-24,Park
130,Temperatura,45.5,60.83,2026-02-14,Park
130,Vlažnost,13.64,15.33,2026-01-14,Tunel
130,Pritisak,25.32,13.04,2026-04-16,Most
130,Vlažnost,28.44,9.64,2026-03-07,Most
131,Vlažnost,39.07,57.28,2026-04-20,Tunel
131,CO2,26.94,46.11,2026-02-15,Park
131,Vlažnost,6.8,28.76,2026-05-10,Most
131,Temperatura,55.59,84.34,2026-04-14,Centar
131,Pritisak,0.39,9.65,2026-05-30,Park
131,Temperatura,21.7,52.04,2026-04-27,Park
131,Pritisak,11.61,81.46,2026-04-23,Park
131,Vlažnost,16.37,20.78,2026-05-13,Most
131,Temperatura,27.67,70.17,2026-05-31,Most
131,CO2,36.63,36.68,2026-03-16,Industrijska zona
131,Vlažnost,6.47,38.45,2026-02-16,Industrijska zona
131,Vlažnost,56.35,63.79,2026-04-04,Industrijska zona
131,CO2,36.78,44.21,2026-04-23,Centar
131,Temperatura,39.41,97.95,2026-02-17,Industrijska zona
131,Vlažnost,19.87,53.43,2026-01-18,Tunel
131,Vlažnost,40.11,6.83,2026-04-23,Centar
131,Temperatura,26.68,81.93,2026-03-06,Centar
131,Pritisak,36.75,38.0,2026-01-24,Centar
131,CO2,2.61,17.92,2026-04-15,Industrijska zona
131,Temperatura,19.51,97.51,2026-01-19,Industrijska zona
131,CO2,29.18,51.53,2026-01-18,Tunel
131,CO2,25.44,23.74,2026-03-04,Park
131,Vlažnost,23.53,11.28,2026-04-26,Centar
131,CO2,7.33,11.23,2026-04-15,Industrijska zona
131,Vlažnost,25.52,60.2,2026-05-02,Tunel
131,Pritisak,46.29,16.66,2026-05-26,Most
131,CO2,6.63,6.39,2026-04-13,Tunel
131,CO2,35.04,26.95,2026-03-18,Park
132,CO2,17.63,22.44,2026-03-17,Most
132,Pritisak,32.9,24.74,2026-02-02,Industrijska zona
132,CO2,15.56,28.47,2026-03-14,Industrijska zona
132,Vlažnost,37.48,14.28,2026-04-27,Park
132,Pritisak,6.44,7.25,2026-03-08,Tunel
132,Temperatura,36.1,11.95,2026-04-07,Most
132,Pritisak,15.29,70.42,2026-01-10,Most
132,Pritisak,9.49,22.48,2026-02-23,Tunel
132,Temperatura,9.46,62.78,2026-04-06,Most
132,Vlažnost,28.39,49.88,2026-03-08,Centar
132,Temperatura,44.44,65.39,2026-02-07,Centar
132,Pritisak,14.4,36.55,2026-01-01,Most
132,CO2,16.26,98.05,2026-03-19,Centar
132,CO2,23.71,52.52,2026-04-01,Centar
132,CO2,37.67,23.33,2026-05-09,Most
133,Vlažnost,47.5,59.15,2026-01-12,Most
133,Temperatura,38.86,17.18,2026-05-07,Most
133,CO2,29.03,26.6,2026-03-04,Centar
133,CO2,42.29,60.57,2026-01-12,Park
133,Pritisak,43.4,8.97,2026-01-12,Centar
133,CO2,32.8,59.8,2026-03-19,Tunel
133,Temperatura,18.59,45.15,2026-03-16,Park
133,Temperatura,36.1,90.57,2026-02-20,Tunel
133,Temperatura,27.62,46.74,2026-03-05,Park
133,Pritisak,38.48,84.95,2026-05-29,Centar
133,Temperatura,38.01,58.45,2026-05-13,Most
133,CO2,12.27,8.42,2026-05-31,Park
133,Pritisak,21.82,35.05,2026-05-24,Park
133,Pritisak,32.94,32.34,2026-05-09,Industrijska zona
133,Temperatura,40.76,6.72,2026-03-24,Tunel
133,Vlažnost,5.52,61.32,2026-04-24,Most
133,CO2,28.92,84.72,2026-04-02,Industrijska zona
133,Vlažnost,10.72,86.22,2026-05-14,Centar
133,Vlažnost,16.11,28.87,2026-01-30,Most
133,Pritisak,6.22,67.01,2026-03-15,Park
133,Pritisak,27.69,79.84,2026-01-20,Tunel
134,Temperatura,24.3,80.86,2026-03-17,Most
134,Temperatura,34.84,99.45,2026-03-13,Most
134,Temperatura,15.23,49.71,2026-03-25,Industrijska zona
134,CO2,56.39,31.65,2026-01-05,Tunel
134,Vlažnost,38.59,48.57,2026-04-22,Park
134,Vlažnost,5.04,66.5,2026-01-07,Centar
134,Pritisak,43.03,72.45,2026-01-06,Park
134,Temperatura,0.19,96.02,2026-01-01,Most
134,Vlažnost,14.43,16.29,2026-03-10,Tunel
134,Vlažnost,41.85,79.57,2026-04-12,Centar
134,Temperatura,9.12,45.47,2026-05-07,Centar
134,Pritisak,40.07,13.14,2026-03-18,Tunel
134,Pritisak,40.07,26.18,2026-03-01,Industrijska zona
134,Vlažnost,29.73,25.76,2026-05-14,Most
134,Pritisak,39.45,92.2,2026-03-17,Park
134,Vlažnost,35.47,41.22,2026-01-05,Most
134,Pritisak,20.57,42.72,2026-03-25,Industrijska zona
134,Vlažnost,39.08,10.56,2026-05-30,Tunel
134,CO2,35.2,30.61,2026-03-04,Most
134,Pritisak,24.62,87.55,2026-01-04,Most
134,Temperatura,24.22,96.23,2026-04-14,Tunel
134,Temperatura,25.17,94.08,2026-04-04,Most
134,Temperatura,16.37,11.63,2026-04-06,Park
134,Pritisak,60.88,94.6,2026-04-22,Park
135,Temperatura,15.01,51.59,2026-01-09,Tunel
135,Pritisak,21.44,1.27,2026-04-20,Park
135,Pritisak,0.82,47.43,2026-01-30,Industrijska zona
135,Temperatura,9.77,14.55,2026-05-12,Park
135,Pritisak,26.98,25.01,2026-05-21,Park
135,Temperatura,34.32,36.29,2026-03-25,Park
135,Pritisak,38.34,43.66,2026-05-15,Centar
135,Vlažnost,35.74,32.07,2026-03-15,Park
135,Pritisak,21.99,37.29,2026-01-21,Industrijska zona
135,Temperatura,17.0,64.22,2026-03-29,Tunel
135,Temperatura,27.93,50.36,2026-05-20,Industrijska zona
135,Pritisak,24.38,12.17,2026-04-06,Park
135,Temperatura,41.12,33.22,2026-02-27,Centar
135,Temperatura,18.7,22.18,2026-02-16,Industrijska zona
135,Vlažnost,39.5,15.25,2026-03-13,Tunel
135,Temperatura,29.87,3.57,2026-05-08,Industrijska zona
135,CO2,34.36,72.4,2026-01-10,Centar
135,Pritisak,21.16,24.84,2026-04-21,Tunel
136,Temperatura,42.57,85.98,2026-01-26,Centar
136,Pritisak,36.53,50.79,2026-04-30,Industrijska zona
136,Temperatura,4.74,43.22,2026-02-02,Most
136,Pritisak,18.49,40.32,2026-05-28,Tunel
136,Vlažnost,23.57,78.16,2026-02-12,Most
136,Vlažnost,32.36,71.34,2026-03-22,Industrijska zona
136,Temperatura,34.08,65.57,2026-02-02,Tunel
136,Pritisak,35.29,98.2,2026-01-14,Most
136,CO2,29.47,91.63,2026-03-06,Park
136,Pritisak,40.25,8.44,2026-01-31,Centar
136,CO2,25.51,46.25,2026-04-10,Most
136,CO2,25.41,15.71,2026-05-27,Centar
136,Pritisak,26.83,40.75,2026-03-20,Most
136,CO2,29.17,12.24,2026-04-16,Tunel
137,Temperatura,4.53,84.48,2026-01-27,Most
137,Temperatura,50.33,30.53,2026-03-07,Centar
137,Vlažnost,12.28,49.39,2026-03-17,Most
137,CO2,45.73,82.5,2026-02-22,Industrijska zona
137,Vlažnost,13.09,22.95,2026-01-01,Park
137,Temperatura,68.19,2.29,2026-01-14,Tunel
137,Temperatura,28.3,75.1,2026-03-08,Most
137,CO2,43.56,71.99,2026-03-15,Centar
137,Pritisak,31.71,11.27,2026-02-22,Most
137,Vlažnost,35.98,24.9,2026-02-24,Industrijska zona
137,Vlažnost,27.7,73.64,2026-02-19,Industrijska zona
137,Temperatura,46.21,34.62,2026-05-16,Park
137,Vlažnost,17.71,37.82,2026-04-12,Centar
137,Temperatura,18.56,76.59,2026-04-29,Tunel
137,CO2,23.73,22.83,2026-03-03,Centar
137,CO2,45.95,38.0,2026-01-27,Tunel
137,CO2,19.73,38.64,2026-05-09,Centar
137,CO2,21.98,73.63,2026-03-16,Park
137,Temperatura,9.23,43.81,2026-01-23,Centar
137,CO2,51.01,40.42,2026-01-22,Centar
137,Vlažnost,24.56,16.52,2026-02-24,Park
137,Pritisak,38.08,63.09,2026-01-02,Park
137,Pritisak,22.04,32.83,2026-01-02,Tunel
138,Temperatura,22.56,30.53,2026-05-19,Centar
138,CO2,35.85,86.28,2026-01-14,Tunel
138,Pritisak,14.8,66.07,2026-03-29,Park
138,Pritisak,16.75,15.31,2026-01-20,Park
138,Temperatura,19.63,92.19,2026-01-07,Centar
138,CO2,40.07,58.28,2026-04-30,Tunel
138,CO2,29.35,81.66,2026-05-20,Most
138,CO2,38.63,8.57,2026-01-20,Most
138,Temperatura,23.4,88.31,2026-01-04,Tunel
138,Vlažnost,18.91,30.39,2026-02-09,Centar
138,CO2,4.14,63.34,2026-02-17,Park
138,Pritisak,36.78,67.38,2026-05-07,Most
138,Temperatura,8.84,54.68,2026-02-17,Park
138,Pritisak,23.39,36.88,2026-03-27,Most
138,Temperatura,46.87,60.0,2026-01-18,Park
138,Vlažnost,42.99,38.81,2026-03-01,Most
138,CO2,17.27,54.17,2026-04-08,Park
138,Temperatura,23.31,74.54,2026-05-30,Centar
138,Pritisak,16.37,88.76,2026-03-06,Centar
139,Temperatura,2.96,95.6,2026-04-29,Industrijska zona
139,CO2,32.89,29.38,2026-03-27,Centar
139,CO2,40.11,55.51,2026-03-10,Centar
139,Vlažnost,3.39,65.77,2026-05-24,Most
139,CO2,4.07,65.81,2026-04-23,Tunel
139,Pritisak,29.54,87.64,2026-04-01,Tunel
139,Pritisak,25.1,13.71,2026-04-05,Industrijska zona
139,CO2,27.94,10.07,2026-02-15,Industrijska zona
139,CO2,35.58,35.17,2026-02-03,Tunel
139,Pritisak,1.49,0.03,2026-05-07,Centar
139,Pritisak,21.62,37.25,2026-03-07,Tunel
139,Vlažnost,19.39,72.09,2026-01-20,Tunel
139,Temperatura,23.53,7.43,2026-03-18,Tunel
139,Temperatura,20.04,1.65,2026-05-27,Industrijska zona
139,Temperatura,43.02,39.59,2026-05-21,Park
139,Pritisak,41.98,18.31,2026-04-08,Tunel
139,Temperatura,2.56,77.31,2026-05-03,Park
139,Pritisak,29.35,48.55,2026-02-18,Tunel
139,Vlažnost,19.6,29.87,2026-02-15,Centar
139,Vlažnost,14.04,12.3,2026-05-03,Park
140,CO2,50.27,91.4,2026-01-06,Park
140,Temperatura,36.22,36.85,2026-01-26,Industrijska zona
140,Vlažnost,19.16,19.25,2026-01-13,Most
140,Vlažnost,33.22,45.83,2026-03-10,Industrijska zona
140,CO2,34.16,29.92,2026-03-28,Park
140,Pritisak,13.87,76.17,2026-03-29,Centar
140,Temperatura,30.03,83.33,2026-04-02,Tunel
140,Temperatura,31.72,14.76,2026-05-11,Tunel
140,Pritisak,27.56,11.82,2026-02-17,Centar
140,Temperatura,31.72,50.74,2026-05-24,Centar
140,Pritisak,16.47,73.69,2026-04-24,Industrijska zona
140,Temperatura,25.19,57.44,2026-03-17,Tunel
140,Pritisak,16.56,1.68,2026-04-03,Tunel
140,Pritisak,32.19,38.97,2026-01-16,Centar
140,Pritisak,34.04,3.88,2026-01-12,Park
140,Pritisak,22.28,59.53,2026-02-20,Tunel
140,Pritisak,31.72,41.36,2026-02-17,Tunel
140,Pritisak,25.8,68.05,2026-03-28,Tunel
140,Vlažnost,8.79,55.14,2026-02-21,Centar
140,Temperatura,31.26,36.59,2026-04-07,Industrijska zona
140,Vlažnost,29.05,65.69,2026-04-22,Centar
140,Vlažnost,27.28,34.07,2026-02-14,Industrijska zona
140,Pritisak,37.15,15.47,2026-04-07,Tunel
141,Temperatura,36.45,46.29,2026-05-18,Park
141,CO2,23.21,47.65,2026-03-21,Park
141,Temperatura,40.22,2.82,2026-04-22,Park
141,CO2,24.03,32.7,2026-04-03,Centar
141,Vlažnost,24.19,38.55,2026-04-01,Most
141,Pritisak,23.54,16.72,2026-04-23,Tunel
141,Pritisak,66.58,91.36,2026-01-08,Most
141,Vlažnost,19.14,58.81,2026-01-28,Park
141,Temperatura,30.68,13.31,2026-05-15,Industrijska zona
141,CO2,24.21,88.53,2026-03-06,Tunel
141,CO2,3.03,38.35,2026-03-10,Tunel
141,Temperatura,28.28,28.33,2026-03-23,Centar
141,Temperatura,18.0,8.0,2026-02-07,Park
141,Temperatura,14.32,31.52,2026-03-23,Most
141,Pritisak,35.91,39.89,2026-02-24,Industrijska zona
141,Temperatura,29.74,65.21,2026-05-29,Centar
141,Pritisak,38.16,46.89,2026-03-22,Tunel
141,Vlažnost,29.79,37.34,2026-01-20,Centar
142,Temperatura,42.49,29.26,2026-01-28,Most
142,Pritisak,10.53,79.14,2026-05-18,Tunel
142,Pritisak,7.56,75.17,2026-02-12,Industrijska zona
142,Temperatura,28.06,67.85,2026-03-28,Industrijska zona
142,CO2,5.77,1.25,2026-05-31,Centar
142,CO2,41.02,11.92,2026-03-04,Park
142,Pritisak,37.13,36.03,2026-04-13,Industrijska zona
142,Vlažnost,31.86,99.21,2026-05-09,Most
142,CO2,28.26,69.58,2026-01-22,Park
142,Pritisak,21.32,85.17,2026-04-13,Industrijska zona
142,Vlažnost,60.93,79.15,2026-01-05,Park
142,CO2,39.84,53.14,2026-01-29,Most
142,Temperatura,27.81,81.36,2026-01-07,Park
142,Pritisak,14.54,44.82,2026-01-29,Tunel
143,Vlažnost,39.77,5.83,2026-05-24,Tunel
143,Pritisak,44.0,42.64,2026-02-11,Industrijska zona
143,Pritisak,53.51,19.53,2026-05-06,Park
143,CO2,18.15,93.61,2026-05-22,Centar
143,Vlažnost,42.76,44.25,2026-05-29,Tunel
143,Vlažnost,21.84,29.5,2026-04-18,Most
143,Temperatura,28.01,71.34,2026-04-19,Tunel
143,Temperatura,39.35,0.02,2026-01-18,Park
143,CO2,43.56,82.29,2026-02-03,Tunel
143,Vlažnost,8.2,30.53,2026-01-29,Tunel
143,Vlažnost,18.1,37.91,2026-04-30,Industrijska zona
143,Vlažnost,19.5,67.54,2026-05-16,Tunel
144,Temperatura,48.73,14.12,2026-02-28,Most
144,Pritisak,1.53,9.62,2026-03-04,Centar
144,CO2,13.99,74.0,2026-05-21,Industrijska zona
144,Temperatura,32.2,27.02,2026-04-23,Centar
144,Pritisak,59.63,68.7,2026-04-28,Park
144,CO2,17.49,54.06,2026-03-28,Industrijska zona
144,CO2,7.81,51.69,2026-04-17,Most
144,Pritisak,45.95,23.36,2026-05-19,Tunel
144,CO2,9.25,82.2,2026-01-23,Tunel
144,Temperatura,15.12,47.73,2026-02-23,Industrijska zona
144,CO2,28.24,25.23,2026-02-28,Industrijska zona
144,Vlažnost,8.88,51.41,2026-02-23,Tunel
144,Temperatura,26.89,89.51,2026-03-05,Park
144,CO2,15.01,35.8,2026-01-25,Centar
144,Pritisak,34.88,26.29,2026-01-03,Centar
144,CO2,16.49,18.64,2026-02-08,Park
144,Vlažnost,7.13,73.01,2026-05-16,Industrijska zona
144,Vlažnost,1.67,61.77,2026-01-25,Industrijska zona
145,Temperatura,36.03,59.37,2026-03-08,Park
145,Vlažnost,36.35,63.18,2026-05-06,Most
145,Temperatura,21.93,67.17,2026-03-10,Tunel
145,Vlažnost,35.04,0.08,2026-03-02,Park
145,Pritisak,21.46,38.18,2026-04-04,Centar
145,Temperatura,20.39,51.74,2026-02-21,Centar
145,Vlažnost,13.78,91.6,2026-03-05,Most
145,Pritisak,30.7,48.08,2026-04-29,Park
145,Temperatura,22.92,75.58,2026-04-21,Industrijska zona
145,Temperatura,24.02,20.72,2026-02-12,Tunel
145,Vlažnost,5.14,54.84,2026-02-24,Centar
145,CO2,42.94,31.68,2026-03-08,Tunel
145,Pritisak,18.74,44.76,2026-01-01,Tunel
145,Temperatura,27.26,4.85,2026-04-25,Industrijska zona
145,CO2,33.18,36.56,2026-04-17,Industrijska zona
145,Vlažnost,18.99,29.68,2026-02-21,Centar
145,Temperatura,41.92,71.34,2026-03-07,Tunel
145,Temperatura,25.78,44.11,2026-05-20,Tunel
145,Temperatura,38.9,34.17,2026-02-11,Industrijska zona
145,Pritisak,19.24,89.88,2026-02-01,Park
145,Vlažnost,15.67,41.45,2026-02-02,Most
145,Pritisak,14.48,46.47,2026-01-11,Tunel
146,CO2,23.05,41.4,2026-01-28,Park
146,Vlažnost,41.43,10.12,2026-01-24,Most
146,Temperatura,27.5,68.31,2026-01-22,Most
146,Pritisak,0.75,26.27,2026-02-13,Tunel
146,Pritisak,14.8,13.98,2026-05-29,Tunel
146,Temperatura,29.55,49.26,2026-05-05,Centar
146,CO2,29.86,66.0,2026-03-18,Tunel
146,Temperatura,29.19,79.97,2026-04-24,Tunel
146,Pritisak,48.17,99.4,2026-02-19,Park
146,Pritisak,28.81,6.08,2026-02-07,Centar
146,CO2,21.07,94.56,2026-06-01,Centar
146,CO2,57.42,70.24,2026-01-19,Most
146,Vlažnost,30.2,17.23,2026-05-10,Centar
146,Temperatura,13.92,62.19,2026-05-13,Tunel
146,Temperatura,15.27,60.7,2026-04-10,Park
146,Pritisak,28.39,96.0,2026-02-23,Park
146,CO2,26.83,54.99,2026-02-26,Centar
147,Temperatura,31.79,10.7,2026-04-03,Most
147,CO2,30.43,12.81,2026-03-30,Tunel
147,Pritisak,24.9,24.64,2026-05-30,Most
147,CO2,17.89,89.73,2026-04-16,Park
147,CO2,8.17,7.48,2026-01-25,Tunel
147,Pritisak,25.35,17.47,2026-04-29,Industrijska zona
147,Pritisak,11.4,57.41,2026-03-01,Most
147,CO2,29.04,51.5,2026-02-03,Industrijska zona
147,Vlažnost,0.15,54.1,2026-01-23,Park
147,Vlažnost,29.24,64.08,2026-02-23,Centar
147,Vlažnost,20.69,15.29,2026-01-15,Industrijska zona
147,Vlažnost,7.57,45.16,2026-02-28,Tunel
147,Vlažnost,31.16,94.6,2026-05-14,Tunel
147,Temperatura,28.38,65.86,2026-03-18,Industrijska zona
147,Pritisak,13.43,49.18,2026-02-09,Industrijska zona
147,CO2,19.56,42.84,2026-02-22,Most
147,CO2,28.08,47.76,2026-03-07,Park
147,Temperatura,8.21,69.93,2026-01-04,Most
148,CO2,26.37,88.75,2026-04-14,Most
148,Pritisak,16.94,82.24,2026-02-07,Centar
148,Temperatura,39.05,2.53,2026-01-25,Park
148,Temperatura,19.69,61.72,2026-05-16,Industrijska zona
148,Temperatura,21.02,48.43,2026-01-03,Centar
148,CO2,58.69,86.88,2026-05-05,Park
148,Pritisak,32.49,42.08,2026-01-11,Most
148,Vlažnost,26.62,92.8,2026-04-17,Tunel
148,Temperatura,40.47,95.68,2026-01-28,Tunel
148,Vlažnost,30.3,29.74,2026-03-18,Centar
149,Temperatura,46.55,76.0,2026-03-12,Most
149,CO2,51.84,61.3,2026-03-05,Tunel
149,Pritisak,20.5,18.24,2026-05-05,Most
149,Pritisak,18.72,99.02,2026-03-07,Industrijska zona
149,CO2,18.7,75.63,2026-03-11,Most
149,Temperatura,58.6,73.24,2026-05-02,Tunel
