org_pac_id,org_nm, measure_cd, measure_title, prf_rate
1254237779,OUR LADY OF LOURDES MEMORIAL HOSPITAL INC,CAHPS_GRP_1,"CAHPS for MIPS SSM: Getting Timely Care, Appointments, and Information",
1254237779,OUR LADY OF LOURDES MEMORIAL HOSPITAL INC,CAHPS_GRP_3,CAHPS for MIPS SSM: Patient's Rating of Provider,
1254237779,OUR LADY OF LOURDES MEMORIAL HOSPITAL INC,CAHPS_GRP_4,CAHPS for MIPS SSM: Access to Specialists,37
1254237779,OUR LADY OF LOURDES MEMORIAL HOSPITAL INC,CAHPS_GRP_5,CAHPS for MIPS SSM: Health Promotion and Education,65
1254237779,OUR LADY OF LOURDES MEMORIAL HOSPITAL INC,CAHPS_GRP_8,CAHPS for MIPS SSM: Courteous and Helpful Office Staff,
1254237779,OUR LADY OF LOURDES MEMORIAL HOSPITAL INC,CAHPS_GRP_9,CAHPS for MIPS SSM: Care Coordination,
1254248917,LESTER E COX MEDICAL CENTERS,CAHPS_GRP_1,"CAHPS for MIPS SSM: Getting Timely Care, Appointments, and Information",
1254248917,LESTER E COX MEDICAL CENTERS,CAHPS_GRP_3,CAHPS for MIPS SSM: Patient's Rating of Provider,
1254248917,LESTER E COX MEDICAL CENTERS,CAHPS_GRP_4,CAHPS for MIPS SSM: Access to Specialists,
1254248917,LESTER E COX MEDICAL CENTERS,CAHPS_GRP_5,CAHPS for MIPS SSM: Health Promotion and Education,
1254248917,LESTER E COX MEDICAL CENTERS,CAHPS_GRP_8,CAHPS for MIPS SSM: Courteous and Helpful Office Staff,
1254248917,LESTER E COX MEDICAL CENTERS,CAHPS_GRP_9,CAHPS for MIPS SSM: Care Coordination,
1254571896,DIGNITY HEALTH MEDICAL GROUP NEVADA LLC,CAHPS_GRP_1,"CAHPS for MIPS SSM: Getting Timely Care, Appointments, and Information",
1254571896,DIGNITY HEALTH MEDICAL GROUP NEVADA LLC,CAHPS_GRP_3,CAHPS for MIPS SSM: Patient's Rating of Provider,
1254571896,DIGNITY HEALTH MEDICAL GROUP NEVADA LLC,CAHPS_GRP_4,CAHPS for MIPS SSM: Access to Specialists,38
1254571896,DIGNITY HEALTH MEDICAL GROUP NEVADA LLC,CAHPS_GRP_5,CAHPS for MIPS SSM: Health Promotion and Education,58
1254571896,DIGNITY HEALTH MEDICAL GROUP NEVADA LLC,CAHPS_GRP_8,CAHPS for MIPS SSM: Courteous and Helpful Office Staff,
1254571896,DIGNITY HEALTH MEDICAL GROUP NEVADA LLC,CAHPS_GRP_9,CAHPS for MIPS SSM: Care Coordination,
1759319684,KUMAR SATHIANATHAN MD PA,CAHPS_GRP_1,"CAHPS for MIPS SSM: Getting Timely Care, Appointments, and Information",82
1759319684,KUMAR SATHIANATHAN MD PA,CAHPS_GRP_3,CAHPS for MIPS SSM: Patient's Rating of Provider,
1759319684,KUMAR SATHIANATHAN MD PA,CAHPS_GRP_4,CAHPS for MIPS SSM: Access to Specialists,
1759319684,KUMAR SATHIANATHAN MD PA,CAHPS_GRP_5,CAHPS for MIPS SSM: Health Promotion and Education,
1759319684,KUMAR SATHIANATHAN MD PA,CAHPS_GRP_8,CAHPS for MIPS SSM: Courteous and Helpful Office Staff,92
1759319684,KUMAR SATHIANATHAN MD PA,CAHPS_GRP_9,CAHPS for MIPS SSM: Care Coordination,
1759392079,OHH PHYSICIANS LLC,CAHPS_GRP_1,"CAHPS for MIPS SSM: Getting Timely Care, Appointments, and Information",65
1759392079,OHH PHYSICIANS LLC,CAHPS_GRP_3,CAHPS for MIPS SSM: Patient's Rating of Provider,83
1759392079,OHH PHYSICIANS LLC,CAHPS_GRP_4,CAHPS for MIPS SSM: Access to Specialists,68
1759392079,OHH PHYSICIANS LLC,CAHPS_GRP_5,CAHPS for MIPS SSM: Health Promotion and Education,55
1759392079,OHH PHYSICIANS LLC,CAHPS_GRP_8,CAHPS for MIPS SSM: Courteous and Helpful Office Staff,84
1759392079,OHH PHYSICIANS LLC,CAHPS_GRP_9,CAHPS for MIPS SSM: Care Coordination,
2264345206,MARSHFIELD CLINIC INC,CAHPS_GRP_1,"CAHPS for MIPS SSM: Getting Timely Care, Appointments, and Information",58
2264345206,MARSHFIELD CLINIC INC,CAHPS_GRP_3,CAHPS for MIPS SSM: Patient's Rating of Provider,
2264345206,MARSHFIELD CLINIC INC,CAHPS_GRP_4,CAHPS for MIPS SSM: Access to Specialists,45
2264345206,MARSHFIELD CLINIC INC,CAHPS_GRP_5,CAHPS for MIPS SSM: Health Promotion and Education,61
2264345206,MARSHFIELD CLINIC INC,CAHPS_GRP_8,CAHPS for MIPS SSM: Courteous and Helpful Office Staff,81
2264345206,MARSHFIELD CLINIC INC,CAHPS_GRP_9,CAHPS for MIPS SSM: Care Coordination,74
2365353885,THE CHARLOTTE-MECKLENBURG HOSPITAL AUTHORITY,CAHPS_GRP_1,"CAHPS for MIPS SSM: Getting Timely Care, Appointments, and Information",58
2365353885,THE CHARLOTTE-MECKLENBURG HOSPITAL AUTHORITY,CAHPS_GRP_3,CAHPS for MIPS SSM: Patient's Rating of Provider,84
2365353885,THE CHARLOTTE-MECKLENBURG HOSPITAL AUTHORITY,CAHPS_GRP_4,CAHPS for MIPS SSM: Access to Specialists,44
2365353885,THE CHARLOTTE-MECKLENBURG HOSPITAL AUTHORITY,CAHPS_GRP_5,CAHPS for MIPS SSM: Health Promotion and Education,68
2365353885,THE CHARLOTTE-MECKLENBURG HOSPITAL AUTHORITY,CAHPS_GRP_8,CAHPS for MIPS SSM: Courteous and Helpful Office Staff,83
2365353885,THE CHARLOTTE-MECKLENBURG HOSPITAL AUTHORITY,CAHPS_GRP_9,CAHPS for MIPS SSM: Care Coordination,74
2365437837,ATLANTIC GENERAL HOSPITAL CORPORATION,CAHPS_GRP_1,"CAHPS for MIPS SSM: Getting Timely Care, Appointments, and Information",68
2365437837,ATLANTIC GENERAL HOSPITAL CORPORATION,CAHPS_GRP_3,CAHPS for MIPS SSM: Patient's Rating of Provider,
2365437837,ATLANTIC GENERAL HOSPITAL CORPORATION,CAHPS_GRP_4,CAHPS for MIPS SSM: Access to Specialists,46
2365437837,ATLANTIC GENERAL HOSPITAL CORPORATION,CAHPS_GRP_5,CAHPS for MIPS SSM: Health Promotion and Education,62
2365437837,ATLANTIC GENERAL HOSPITAL CORPORATION,CAHPS_GRP_8,CAHPS for MIPS SSM: Courteous and Helpful Office Staff,77
2365437837,ATLANTIC GENERAL HOSPITAL CORPORATION,CAHPS_GRP_9,CAHPS for MIPS SSM: Care Coordination,71
2567872070,LEXINGTON HEALTH INC,CAHPS_GRP_1,"CAHPS for MIPS SSM: Getting Timely Care, Appointments, and Information",61
2567872070,LEXINGTON HEALTH INC,CAHPS_GRP_3,CAHPS for MIPS SSM: Patient's Rating of Provider,
2567872070,LEXINGTON HEALTH INC,CAHPS_GRP_4,CAHPS for MIPS SSM: Access to Specialists,49
2567872070,LEXINGTON HEALTH INC,CAHPS_GRP_5,CAHPS for MIPS SSM: Health Promotion and Education,57
2567872070,LEXINGTON HEALTH INC,CAHPS_GRP_8,CAHPS for MIPS SSM: Courteous and Helpful Office Staff,84
2567872070,LEXINGTON HEALTH INC,CAHPS_GRP_9,CAHPS for MIPS SSM: Care Coordination,74
2860398526,TIDEWATER PHYSICIANS MULTISPECIALTY GROUP PC,CAHPS_GRP_1,"CAHPS for MIPS SSM: Getting Timely Care, Appointments, and Information",70
2860398526,TIDEWATER PHYSICIANS MULTISPECIALTY GROUP PC,CAHPS_GRP_3,CAHPS for MIPS SSM: Patient's Rating of Provider,85
2860398526,TIDEWATER PHYSICIANS MULTISPECIALTY GROUP PC,CAHPS_GRP_4,CAHPS for MIPS SSM: Access to Specialists,41
2860398526,TIDEWATER PHYSICIANS MULTISPECIALTY GROUP PC,CAHPS_GRP_5,CAHPS for MIPS SSM: Health Promotion and Education,66
2860398526,TIDEWATER PHYSICIANS MULTISPECIALTY GROUP PC,CAHPS_GRP_8,CAHPS for MIPS SSM: Courteous and Helpful Office Staff,84
2860398526,TIDEWATER PHYSICIANS MULTISPECIALTY GROUP PC,CAHPS_GRP_9,CAHPS for MIPS SSM: Care Coordination,74
2961496609,NORTHEASTERN UTAH MEDICAL GROUP,CAHPS_GRP_1,"CAHPS for MIPS SSM: Getting Timely Care, Appointments, and Information",54
2961496609,NORTHEASTERN UTAH MEDICAL GROUP,CAHPS_GRP_3,CAHPS for MIPS SSM: Patient's Rating of Provider,
2961496609,NORTHEASTERN UTAH MEDICAL GROUP,CAHPS_GRP_4,CAHPS for MIPS SSM: Access to Specialists,
2961496609,NORTHEASTERN UTAH MEDICAL GROUP,CAHPS_GRP_5,CAHPS for MIPS SSM: Health Promotion and Education,
2961496609,NORTHEASTERN UTAH MEDICAL GROUP,CAHPS_GRP_8,CAHPS for MIPS SSM: Courteous and Helpful Office Staff,77
2961496609,NORTHEASTERN UTAH MEDICAL GROUP,CAHPS_GRP_9,CAHPS for MIPS SSM: Care Coordination,68
3072422716,THE BOARD OF TRUSTEES OF THE UNIVERSITY OF ILLINOIS,CAHPS_GRP_1,"CAHPS for MIPS SSM: Getting Timely Care, Appointments, and Information",
3072422716,THE BOARD OF TRUSTEES OF THE UNIVERSITY OF ILLINOIS,CAHPS_GRP_3,CAHPS for MIPS SSM: Patient's Rating of Provider,
3072422716,THE BOARD OF TRUSTEES OF THE UNIVERSITY OF ILLINOIS,CAHPS_GRP_4,CAHPS for MIPS SSM: Access to Specialists,
3072422716,THE BOARD OF TRUSTEES OF THE UNIVERSITY OF ILLINOIS,CAHPS_GRP_5,CAHPS for MIPS SSM: Health Promotion and Education,
3072422716,THE BOARD OF TRUSTEES OF THE UNIVERSITY OF ILLINOIS,CAHPS_GRP_8,CAHPS for MIPS SSM: Courteous and Helpful Office Staff,
3072422716,THE BOARD OF TRUSTEES OF THE UNIVERSITY OF ILLINOIS,CAHPS_GRP_9,CAHPS for MIPS SSM: Care Coordination,
3173660776,WESTCHESTER MEDICAL CENTER ADVANCED PHYSICIAN SERVICES PC,CAHPS_GRP_1,"CAHPS for MIPS SSM: Getting Timely Care, Appointments, and Information",58
3173660776,WESTCHESTER MEDICAL CENTER ADVANCED PHYSICIAN SERVICES PC,CAHPS_GRP_3,CAHPS for MIPS SSM: Patient's Rating of Provider,83
3173660776,WESTCHESTER MEDICAL CENTER ADVANCED PHYSICIAN SERVICES PC,CAHPS_GRP_4,CAHPS for MIPS SSM: Access to Specialists,50
3173660776,WESTCHESTER MEDICAL CENTER ADVANCED PHYSICIAN SERVICES PC,CAHPS_GRP_5,CAHPS for MIPS SSM: Health Promotion and Education,54
3173660776,WESTCHESTER MEDICAL CENTER ADVANCED PHYSICIAN SERVICES PC,CAHPS_GRP_8,CAHPS for MIPS SSM: Courteous and Helpful Office Staff,77
3173660776,WESTCHESTER MEDICAL CENTER ADVANCED PHYSICIAN SERVICES PC,CAHPS_GRP_9,CAHPS for MIPS SSM: Care Coordination,71
3375531379,TEXAS DIGESTIVE DISEASE CONSULTANTS PLLC,CAHPS_GRP_1,"CAHPS for MIPS SSM: Getting Timely Care, Appointments, and Information",
3375531379,TEXAS DIGESTIVE DISEASE CONSULTANTS PLLC,CAHPS_GRP_3,CAHPS for MIPS SSM: Patient's Rating of Provider,
3375531379,TEXAS DIGESTIVE DISEASE CONSULTANTS PLLC,CAHPS_GRP_4,CAHPS for MIPS SSM: Access to Specialists,45
3375531379,TEXAS DIGESTIVE DISEASE CONSULTANTS PLLC,CAHPS_GRP_5,CAHPS for MIPS SSM: Health Promotion and Education,64
3375531379,TEXAS DIGESTIVE DISEASE CONSULTANTS PLLC,CAHPS_GRP_8,CAHPS for MIPS SSM: Courteous and Helpful Office Staff,
3375531379,TEXAS DIGESTIVE DISEASE CONSULTANTS PLLC,CAHPS_GRP_9,CAHPS for MIPS SSM: Care Coordination,
3476725599,UNIVERSITY OF LOUISVILLE PHYSICIANS INC,CAHPS_GRP_1,"CAHPS for MIPS SSM: Getting Timely Care, Appointments, and Information",64
3476725599,UNIVERSITY OF LOUISVILLE PHYSICIANS INC,CAHPS_GRP_3,CAHPS for MIPS SSM: Patient's Rating of Provider,84
3476725599,UNIVERSITY OF LOUISVILLE PHYSICIANS INC,CAHPS_GRP_4,CAHPS for MIPS SSM: Access to Specialists,50
3476725599,UNIVERSITY OF LOUISVILLE PHYSICIANS INC,CAHPS_GRP_5,CAHPS for MIPS SSM: Health Promotion and Education,62
3476725599,UNIVERSITY OF LOUISVILLE PHYSICIANS INC,CAHPS_GRP_8,CAHPS for MIPS SSM: Courteous and Helpful Office Staff,83
3476725599,UNIVERSITY OF LOUISVILLE PHYSICIANS INC,CAHPS_GRP_9,CAHPS for MIPS SSM: Care Coordination,75
3779688650,ST JOSEPH MEDICAL GROUP,CAHPS_GRP_1,"CAHPS for MIPS SSM: Getting Timely Care, Appointments, and Information",63
3779688650,ST JOSEPH MEDICAL GROUP,CAHPS_GRP_3,CAHPS for MIPS SSM: Patient's Rating of Provider,81
3779688650,ST JOSEPH MEDICAL GROUP,CAHPS_GRP_4,CAHPS for MIPS SSM: Access to Specialists,49
3779688650,ST JOSEPH MEDICAL GROUP,CAHPS_GRP_5,CAHPS for MIPS SSM: Health Promotion and Education,65
3779688650,ST JOSEPH MEDICAL GROUP,CAHPS_GRP_8,CAHPS for MIPS SSM: Courteous and Helpful Office Staff,81
3779688650,ST JOSEPH MEDICAL GROUP,CAHPS_GRP_9,CAHPS for MIPS SSM: Care Coordination,69
3779751656,CITY OF HOPE MEDICAL FOUNDATION,CAHPS_GRP_1,"CAHPS for MIPS SSM: Getting Timely Care, Appointments, and Information",
3779751656,CITY OF HOPE MEDICAL FOUNDATION,CAHPS_GRP_3,CAHPS for MIPS SSM: Patient's Rating of Provider,86
3779751656,CITY OF HOPE MEDICAL FOUNDATION,CAHPS_GRP_4,CAHPS for MIPS SSM: Access to Specialists,66
3779751656,CITY OF HOPE MEDICAL FOUNDATION,CAHPS_GRP_5,CAHPS for MIPS SSM: Health Promotion and Education,
3779751656,CITY OF HOPE MEDICAL FOUNDATION,CAHPS_GRP_8,CAHPS for MIPS SSM: Courteous and Helpful Office Staff,88
3779751656,CITY OF HOPE MEDICAL FOUNDATION,CAHPS_GRP_9,CAHPS for MIPS SSM: Care Coordination,79
3870405483,THE MILTON S HERSHEY MEDICAL CENTER PHYSICIANS GROUP,CAHPS_GRP_1,"CAHPS for MIPS SSM: Getting Timely Care, Appointments, and Information",57
3870405483,THE MILTON S HERSHEY MEDICAL CENTER PHYSICIANS GROUP,CAHPS_GRP_3,CAHPS for MIPS SSM: Patient's Rating of Provider,
3870405483,THE MILTON S HERSHEY MEDICAL CENTER PHYSICIANS GROUP,CAHPS_GRP_4,CAHPS for MIPS SSM: Access to Specialists,48
3870405483,THE MILTON S HERSHEY MEDICAL CENTER PHYSICIANS GROUP,CAHPS_GRP_5,CAHPS for MIPS SSM: Health Promotion and Education,66
3870405483,THE MILTON S HERSHEY MEDICAL CENTER PHYSICIANS GROUP,CAHPS_GRP_8,CAHPS for MIPS SSM: Courteous and Helpful Office Staff,
3870405483,THE MILTON S HERSHEY MEDICAL CENTER PHYSICIANS GROUP,CAHPS_GRP_9,CAHPS for MIPS SSM: Care Coordination,
4082528484,"NORTHWEST OHIO ORTHOPEDICS AND SPORTS MEDICINE, INC",CAHPS_GRP_1,"CAHPS for MIPS SSM: Getting Timely Care, Appointments, and Information",66
4082528484,"NORTHWEST OHIO ORTHOPEDICS AND SPORTS MEDICINE, INC",CAHPS_GRP_3,CAHPS for MIPS SSM: Patient's Rating of Provider,82
4082528484,"NORTHWEST OHIO ORTHOPEDICS AND SPORTS MEDICINE, INC",CAHPS_GRP_4,CAHPS for MIPS SSM: Access to Specialists,55
4082528484,"NORTHWEST OHIO ORTHOPEDICS AND SPORTS MEDICINE, INC",CAHPS_GRP_5,CAHPS for MIPS SSM: Health Promotion and Education,55
4082528484,"NORTHWEST OHIO ORTHOPEDICS AND SPORTS MEDICINE, INC",CAHPS_GRP_8,CAHPS for MIPS SSM: Courteous and Helpful Office Staff,84
4082528484,"NORTHWEST OHIO ORTHOPEDICS AND SPORTS MEDICINE, INC",CAHPS_GRP_9,CAHPS for MIPS SSM: Care Coordination,65
4284538778,SUTTER BAY MEDICAL FOUNDATION,CAHPS_GRP_1,"CAHPS for MIPS SSM: Getting Timely Care, Appointments, and Information",53
4284538778,SUTTER BAY MEDICAL FOUNDATION,CAHPS_GRP_3,CAHPS for MIPS SSM: Patient's Rating of Provider,83
4284538778,SUTTER BAY MEDICAL FOUNDATION,CAHPS_GRP_4,CAHPS for MIPS SSM: Access to Specialists,41
4284538778,SUTTER BAY MEDICAL FOUNDATION,CAHPS_GRP_5,CAHPS for MIPS SSM: Health Promotion and Education,56
4284538778,SUTTER BAY MEDICAL FOUNDATION,CAHPS_GRP_8,CAHPS for MIPS SSM: Courteous and Helpful Office Staff,82
4284538778,SUTTER BAY MEDICAL FOUNDATION,CAHPS_GRP_9,CAHPS for MIPS SSM: Care Coordination,70
4385538735,PATIENT FIRST MARYLAND MEDICAL GROUP PLLC,CAHPS_GRP_1,"CAHPS for MIPS SSM: Getting Timely Care, Appointments, and Information",76
4385538735,PATIENT FIRST MARYLAND MEDICAL GROUP PLLC,CAHPS_GRP_3,CAHPS for MIPS SSM: Patient's Rating of Provider,
4385538735,PATIENT FIRST MARYLAND MEDICAL GROUP PLLC,CAHPS_GRP_4,CAHPS for MIPS SSM: Access to Specialists,
4385538735,PATIENT FIRST MARYLAND MEDICAL GROUP PLLC,CAHPS_GRP_5,CAHPS for MIPS SSM: Health Promotion and Education,
4385538735,PATIENT FIRST MARYLAND MEDICAL GROUP PLLC,CAHPS_GRP_8,CAHPS for MIPS SSM: Courteous and Helpful Office Staff,
4385538735,PATIENT FIRST MARYLAND MEDICAL GROUP PLLC,CAHPS_GRP_9,CAHPS for MIPS SSM: Care Coordination,
4486646197,SJHMC PHYSICIAN SERVICES,CAHPS_GRP_1,"CAHPS for MIPS SSM: Getting Timely Care, Appointments, and Information",
4486646197,SJHMC PHYSICIAN SERVICES,CAHPS_GRP_3,CAHPS for MIPS SSM: Patient's Rating of Provider,
4486646197,SJHMC PHYSICIAN SERVICES,CAHPS_GRP_4,CAHPS for MIPS SSM: Access to Specialists,59
4486646197,SJHMC PHYSICIAN SERVICES,CAHPS_GRP_5,CAHPS for MIPS SSM: Health Promotion and Education,
4486646197,SJHMC PHYSICIAN SERVICES,CAHPS_GRP_8,CAHPS for MIPS SSM: Courteous and Helpful Office Staff,78
4486646197,SJHMC PHYSICIAN SERVICES,CAHPS_GRP_9,CAHPS for MIPS SSM: Care Coordination,69
4587575550,THE MARY LANNING MEMORIAL HOSPITAL ASSOCIATION,CAHPS_GRP_1,"CAHPS for MIPS SSM: Getting Timely Care, Appointments, and Information",64
4587575550,THE MARY LANNING MEMORIAL HOSPITAL ASSOCIATION,CAHPS_GRP_3,CAHPS for MIPS SSM: Patient's Rating of Provider,76
4587575550,THE MARY LANNING MEMORIAL HOSPITAL ASSOCIATION,CAHPS_GRP_4,CAHPS for MIPS SSM: Access to Specialists,61
4587575550,THE MARY LANNING MEMORIAL HOSPITAL ASSOCIATION,CAHPS_GRP_5,CAHPS for MIPS SSM: Health Promotion and Education,62
4587575550,THE MARY LANNING MEMORIAL HOSPITAL ASSOCIATION,CAHPS_GRP_8,CAHPS for MIPS SSM: Courteous and Helpful Office Staff,83
4587575550,THE MARY LANNING MEMORIAL HOSPITAL ASSOCIATION,CAHPS_GRP_9,CAHPS for MIPS SSM: Care Coordination,70
4587578042,LITTLE COMPANY OF MARY HOSPITAL OF INDIANA INC,CAHPS_GRP_1,"CAHPS for MIPS SSM: Getting Timely Care, Appointments, and Information",74
4587578042,LITTLE COMPANY OF MARY HOSPITAL OF INDIANA INC,CAHPS_GRP_3,CAHPS for MIPS SSM: Patient's Rating of Provider,86
4587578042,LITTLE COMPANY OF MARY HOSPITAL OF INDIANA INC,CAHPS_GRP_4,CAHPS for MIPS SSM: Access to Specialists,55
4587578042,LITTLE COMPANY OF MARY HOSPITAL OF INDIANA INC,CAHPS_GRP_5,CAHPS for MIPS SSM: Health Promotion and Education,63
4587578042,LITTLE COMPANY OF MARY HOSPITAL OF INDIANA INC,CAHPS_GRP_8,CAHPS for MIPS SSM: Courteous and Helpful Office Staff,87
4587578042,LITTLE COMPANY OF MARY HOSPITAL OF INDIANA INC,CAHPS_GRP_9,CAHPS for MIPS SSM: Care Coordination,77
4789596362,FAIRFIELD HEALTHCARE PROFESSIONALS INC,CAHPS_GRP_1,"CAHPS for MIPS SSM: Getting Timely Care, Appointments, and Information",62
4789596362,FAIRFIELD HEALTHCARE PROFESSIONALS INC,CAHPS_GRP_3,CAHPS for MIPS SSM: Patient's Rating of Provider,84
4789596362,FAIRFIELD HEALTHCARE PROFESSIONALS INC,CAHPS_GRP_4,CAHPS for MIPS SSM: Access to Specialists,52
4789596362,FAIRFIELD HEALTHCARE PROFESSIONALS INC,CAHPS_GRP_5,CAHPS for MIPS SSM: Health Promotion and Education,59
4789596362,FAIRFIELD HEALTHCARE PROFESSIONALS INC,CAHPS_GRP_8,CAHPS for MIPS SSM: Courteous and Helpful Office Staff,82
4789596362,FAIRFIELD HEALTHCARE PROFESSIONALS INC,CAHPS_GRP_9,CAHPS for MIPS SSM: Care Coordination,73
5092624320,SKAGGS COMMUNITY HOSPITAL ASSOCIATION,CAHPS_GRP_1,"CAHPS for MIPS SSM: Getting Timely Care, Appointments, and Information",70
5092624320,SKAGGS COMMUNITY HOSPITAL ASSOCIATION,CAHPS_GRP_3,CAHPS for MIPS SSM: Patient's Rating of Provider,
5092624320,SKAGGS COMMUNITY HOSPITAL ASSOCIATION,CAHPS_GRP_4,CAHPS for MIPS SSM: Access to Specialists,47
5092624320,SKAGGS COMMUNITY HOSPITAL ASSOCIATION,CAHPS_GRP_5,CAHPS for MIPS SSM: Health Promotion and Education,60
5092624320,SKAGGS COMMUNITY HOSPITAL ASSOCIATION,CAHPS_GRP_8,CAHPS for MIPS SSM: Courteous and Helpful Office Staff,87
5092624320,SKAGGS COMMUNITY HOSPITAL ASSOCIATION,CAHPS_GRP_9,CAHPS for MIPS SSM: Care Coordination,
5193900280,PATIENT FIRST PENNSYLVANIA MEDICAL GROUP PLLC,CAHPS_GRP_1,"CAHPS for MIPS SSM: Getting Timely Care, Appointments, and Information",
5193900280,PATIENT FIRST PENNSYLVANIA MEDICAL GROUP PLLC,CAHPS_GRP_3,CAHPS for MIPS SSM: Patient's Rating of Provider,
5193900280,PATIENT FIRST PENNSYLVANIA MEDICAL GROUP PLLC,CAHPS_GRP_4,CAHPS for MIPS SSM: Access to Specialists,
5193900280,PATIENT FIRST PENNSYLVANIA MEDICAL GROUP PLLC,CAHPS_GRP_5,CAHPS for MIPS SSM: Health Promotion and Education,
5193900280,PATIENT FIRST PENNSYLVANIA MEDICAL GROUP PLLC,CAHPS_GRP_8,CAHPS for MIPS SSM: Courteous and Helpful Office Staff,
5193900280,PATIENT FIRST PENNSYLVANIA MEDICAL GROUP PLLC,CAHPS_GRP_9,CAHPS for MIPS SSM: Care Coordination,
5294646378,"UNIVERSITY HEALTH SYSTEM, INC.",CAHPS_GRP_1,"CAHPS for MIPS SSM: Getting Timely Care, Appointments, and Information",66
5294646378,"UNIVERSITY HEALTH SYSTEM, INC.",CAHPS_GRP_3,CAHPS for MIPS SSM: Patient's Rating of Provider,
5294646378,"UNIVERSITY HEALTH SYSTEM, INC.",CAHPS_GRP_4,CAHPS for MIPS SSM: Access to Specialists,47
5294646378,"UNIVERSITY HEALTH SYSTEM, INC.",CAHPS_GRP_5,CAHPS for MIPS SSM: Health Promotion and Education,60
5294646378,"UNIVERSITY HEALTH SYSTEM, INC.",CAHPS_GRP_8,CAHPS for MIPS SSM: Courteous and Helpful Office Staff,84
5294646378,"UNIVERSITY HEALTH SYSTEM, INC.",CAHPS_GRP_9,CAHPS for MIPS SSM: Care Coordination,79
5698071173,MCHS HOSPITALS INC,CAHPS_GRP_1,"CAHPS for MIPS SSM: Getting Timely Care, Appointments, and Information",61
5698071173,MCHS HOSPITALS INC,CAHPS_GRP_3,CAHPS for MIPS SSM: Patient's Rating of Provider,
5698071173,MCHS HOSPITALS INC,CAHPS_GRP_4,CAHPS for MIPS SSM: Access to Specialists,55
5698071173,MCHS HOSPITALS INC,CAHPS_GRP_5,CAHPS for MIPS SSM: Health Promotion and Education,62
5698071173,MCHS HOSPITALS INC,CAHPS_GRP_8,CAHPS for MIPS SSM: Courteous and Helpful Office Staff,78
5698071173,MCHS HOSPITALS INC,CAHPS_GRP_9,CAHPS for MIPS SSM: Care Coordination,75
5799787784,LESTER E COX MEDICAL CENTERS,CAHPS_GRP_1,"CAHPS for MIPS SSM: Getting Timely Care, Appointments, and Information",52
5799787784,LESTER E COX MEDICAL CENTERS,CAHPS_GRP_3,CAHPS for MIPS SSM: Patient's Rating of Provider,
5799787784,LESTER E COX MEDICAL CENTERS,CAHPS_GRP_4,CAHPS for MIPS SSM: Access to Specialists,42
5799787784,LESTER E COX MEDICAL CENTERS,CAHPS_GRP_5,CAHPS for MIPS SSM: Health Promotion and Education,59
5799787784,LESTER E COX MEDICAL CENTERS,CAHPS_GRP_8,CAHPS for MIPS SSM: Courteous and Helpful Office Staff,80
5799787784,LESTER E COX MEDICAL CENTERS,CAHPS_GRP_9,CAHPS for MIPS SSM: Care Coordination,71
5890606008,HOLZER CLINIC LLC,CAHPS_GRP_1,"CAHPS for MIPS SSM: Getting Timely Care, Appointments, and Information",76
5890606008,HOLZER CLINIC LLC,CAHPS_GRP_3,CAHPS for MIPS SSM: Patient's Rating of Provider,
5890606008,HOLZER CLINIC LLC,CAHPS_GRP_4,CAHPS for MIPS SSM: Access to Specialists,
5890606008,HOLZER CLINIC LLC,CAHPS_GRP_5,CAHPS for MIPS SSM: Health Promotion and Education,67
5890606008,HOLZER CLINIC LLC,CAHPS_GRP_8,CAHPS for MIPS SSM: Courteous and Helpful Office Staff,85
5890606008,HOLZER CLINIC LLC,CAHPS_GRP_9,CAHPS for MIPS SSM: Care Coordination,72
5890691075,RAPID CITY MEDICAL CENTER LLP,CAHPS_GRP_1,"CAHPS for MIPS SSM: Getting Timely Care, Appointments, and Information",64
5890691075,RAPID CITY MEDICAL CENTER LLP,CAHPS_GRP_3,CAHPS for MIPS SSM: Patient's Rating of Provider,79
5890691075,RAPID CITY MEDICAL CENTER LLP,CAHPS_GRP_4,CAHPS for MIPS SSM: Access to Specialists,53
5890691075,RAPID CITY MEDICAL CENTER LLP,CAHPS_GRP_5,CAHPS for MIPS SSM: Health Promotion and Education,58
5890691075,RAPID CITY MEDICAL CENTER LLP,CAHPS_GRP_8,CAHPS for MIPS SSM: Courteous and Helpful Office Staff,83
5890691075,RAPID CITY MEDICAL CENTER LLP,CAHPS_GRP_9,CAHPS for MIPS SSM: Care Coordination,74
5991105876,OU HEALTH PARTNERS INC,CAHPS_GRP_1,"CAHPS for MIPS SSM: Getting Timely Care, Appointments, and Information",65
5991105876,OU HEALTH PARTNERS INC,CAHPS_GRP_3,CAHPS for MIPS SSM: Patient's Rating of Provider,
5991105876,OU HEALTH PARTNERS INC,CAHPS_GRP_4,CAHPS for MIPS SSM: Access to Specialists,
5991105876,OU HEALTH PARTNERS INC,CAHPS_GRP_5,CAHPS for MIPS SSM: Health Promotion and Education,61
5991105876,OU HEALTH PARTNERS INC,CAHPS_GRP_8,CAHPS for MIPS SSM: Courteous and Helpful Office Staff,80
5991105876,OU HEALTH PARTNERS INC,CAHPS_GRP_9,CAHPS for MIPS SSM: Care Coordination,70
5991776635,MARTIN'S POINT HEALTH CARE,CAHPS_GRP_1,"CAHPS for MIPS SSM: Getting Timely Care, Appointments, and Information",48
5991776635,MARTIN'S POINT HEALTH CARE,CAHPS_GRP_3,CAHPS for MIPS SSM: Patient's Rating of Provider,
5991776635,MARTIN'S POINT HEALTH CARE,CAHPS_GRP_4,CAHPS for MIPS SSM: Access to Specialists,33
5991776635,MARTIN'S POINT HEALTH CARE,CAHPS_GRP_5,CAHPS for MIPS SSM: Health Promotion and Education,61
5991776635,MARTIN'S POINT HEALTH CARE,CAHPS_GRP_8,CAHPS for MIPS SSM: Courteous and Helpful Office Staff,77
5991776635,MARTIN'S POINT HEALTH CARE,CAHPS_GRP_9,CAHPS for MIPS SSM: Care Coordination,64
6103829338,GENESIS HEALTH SYSTEM,CAHPS_GRP_1,"CAHPS for MIPS SSM: Getting Timely Care, Appointments, and Information",65
6103829338,GENESIS HEALTH SYSTEM,CAHPS_GRP_3,CAHPS for MIPS SSM: Patient's Rating of Provider,
6103829338,GENESIS HEALTH SYSTEM,CAHPS_GRP_4,CAHPS for MIPS SSM: Access to Specialists,
6103829338,GENESIS HEALTH SYSTEM,CAHPS_GRP_5,CAHPS for MIPS SSM: Health Promotion and Education,
6103829338,GENESIS HEALTH SYSTEM,CAHPS_GRP_8,CAHPS for MIPS SSM: Courteous and Helpful Office Staff,86
6103829338,GENESIS HEALTH SYSTEM,CAHPS_GRP_9,CAHPS for MIPS SSM: Care Coordination,70
6204740731,LICKING MEMORIAL PROFESSIONAL CORPORATION,CAHPS_GRP_1,"CAHPS for MIPS SSM: Getting Timely Care, Appointments, and Information",61
6204740731,LICKING MEMORIAL PROFESSIONAL CORPORATION,CAHPS_GRP_3,CAHPS for MIPS SSM: Patient's Rating of Provider,
6204740731,LICKING MEMORIAL PROFESSIONAL CORPORATION,CAHPS_GRP_4,CAHPS for MIPS SSM: Access to Specialists,47
6204740731,LICKING MEMORIAL PROFESSIONAL CORPORATION,CAHPS_GRP_5,CAHPS for MIPS SSM: Health Promotion and Education,59
6204740731,LICKING MEMORIAL PROFESSIONAL CORPORATION,CAHPS_GRP_8,CAHPS for MIPS SSM: Courteous and Helpful Office Staff,78
6204740731,LICKING MEMORIAL PROFESSIONAL CORPORATION,CAHPS_GRP_9,CAHPS for MIPS SSM: Care Coordination,74
6305810201,"NORTH COAST PROFESSIONAL COMPANY, LLC",CAHPS_GRP_1,"CAHPS for MIPS SSM: Getting Timely Care, Appointments, and Information",70
6305810201,"NORTH COAST PROFESSIONAL COMPANY, LLC",CAHPS_GRP_3,CAHPS for MIPS SSM: Patient's Rating of Provider,84
6305810201,"NORTH COAST PROFESSIONAL COMPANY, LLC",CAHPS_GRP_4,CAHPS for MIPS SSM: Access to Specialists,54
6305810201,"NORTH COAST PROFESSIONAL COMPANY, LLC",CAHPS_GRP_5,CAHPS for MIPS SSM: Health Promotion and Education,66
6305810201,"NORTH COAST PROFESSIONAL COMPANY, LLC",CAHPS_GRP_8,CAHPS for MIPS SSM: Courteous and Helpful Office Staff,84
6305810201,"NORTH COAST PROFESSIONAL COMPANY, LLC",CAHPS_GRP_9,CAHPS for MIPS SSM: Care Coordination,74
6608280268,COMMUNITY HEALTH PARTNERS,CAHPS_GRP_1,"CAHPS for MIPS SSM: Getting Timely Care, Appointments, and Information",66
6608280268,COMMUNITY HEALTH PARTNERS,CAHPS_GRP_3,CAHPS for MIPS SSM: Patient's Rating of Provider,85
6608280268,COMMUNITY HEALTH PARTNERS,CAHPS_GRP_4,CAHPS for MIPS SSM: Access to Specialists,51
6608280268,COMMUNITY HEALTH PARTNERS,CAHPS_GRP_5,CAHPS for MIPS SSM: Health Promotion and Education,66
6608280268,COMMUNITY HEALTH PARTNERS,CAHPS_GRP_8,CAHPS for MIPS SSM: Courteous and Helpful Office Staff,83
6608280268,COMMUNITY HEALTH PARTNERS,CAHPS_GRP_9,CAHPS for MIPS SSM: Care Coordination,74
6608768411,RMED LLC,CAHPS_GRP_1,"CAHPS for MIPS SSM: Getting Timely Care, Appointments, and Information",
6608768411,RMED LLC,CAHPS_GRP_3,CAHPS for MIPS SSM: Patient's Rating of Provider,
6608768411,RMED LLC,CAHPS_GRP_4,CAHPS for MIPS SSM: Access to Specialists,
6608768411,RMED LLC,CAHPS_GRP_5,CAHPS for MIPS SSM: Health Promotion and Education,
6608768411,RMED LLC,CAHPS_GRP_8,CAHPS for MIPS SSM: Courteous and Helpful Office Staff,
6608768411,RMED LLC,CAHPS_GRP_9,CAHPS for MIPS SSM: Care Coordination,
6709772767,HEARTLAND REGIONAL MEDICAL CENTER,CAHPS_GRP_1,"CAHPS for MIPS SSM: Getting Timely Care, Appointments, and Information",67
6709772767,HEARTLAND REGIONAL MEDICAL CENTER,CAHPS_GRP_3,CAHPS for MIPS SSM: Patient's Rating of Provider,
6709772767,HEARTLAND REGIONAL MEDICAL CENTER,CAHPS_GRP_4,CAHPS for MIPS SSM: Access to Specialists,60
6709772767,HEARTLAND REGIONAL MEDICAL CENTER,CAHPS_GRP_5,CAHPS for MIPS SSM: Health Promotion and Education,70
6709772767,HEARTLAND REGIONAL MEDICAL CENTER,CAHPS_GRP_8,CAHPS for MIPS SSM: Courteous and Helpful Office Staff,85
6709772767,HEARTLAND REGIONAL MEDICAL CENTER,CAHPS_GRP_9,CAHPS for MIPS SSM: Care Coordination,66
6709797491,STANFORD HEALTH CARE,CAHPS_GRP_1,"CAHPS for MIPS SSM: Getting Timely Care, Appointments, and Information",
6709797491,STANFORD HEALTH CARE,CAHPS_GRP_3,CAHPS for MIPS SSM: Patient's Rating of Provider,
6709797491,STANFORD HEALTH CARE,CAHPS_GRP_4,CAHPS for MIPS SSM: Access to Specialists,
6709797491,STANFORD HEALTH CARE,CAHPS_GRP_5,CAHPS for MIPS SSM: Health Promotion and Education,67
6709797491,STANFORD HEALTH CARE,CAHPS_GRP_8,CAHPS for MIPS SSM: Courteous and Helpful Office Staff,
6709797491,STANFORD HEALTH CARE,CAHPS_GRP_9,CAHPS for MIPS SSM: Care Coordination,
6901791367,KINGMAN HEALTHCARE INC,CAHPS_GRP_1,"CAHPS for MIPS SSM: Getting Timely Care, Appointments, and Information",
6901791367,KINGMAN HEALTHCARE INC,CAHPS_GRP_3,CAHPS for MIPS SSM: Patient's Rating of Provider,
6901791367,KINGMAN HEALTHCARE INC,CAHPS_GRP_4,CAHPS for MIPS SSM: Access to Specialists,
6901791367,KINGMAN HEALTHCARE INC,CAHPS_GRP_5,CAHPS for MIPS SSM: Health Promotion and Education,60
6901791367,KINGMAN HEALTHCARE INC,CAHPS_GRP_8,CAHPS for MIPS SSM: Courteous and Helpful Office Staff,
6901791367,KINGMAN HEALTHCARE INC,CAHPS_GRP_9,CAHPS for MIPS SSM: Care Coordination,
7012808827,OVERLAKE MEDICAL CLINICS LLC,CAHPS_GRP_1,"CAHPS for MIPS SSM: Getting Timely Care, Appointments, and Information",53
7012808827,OVERLAKE MEDICAL CLINICS LLC,CAHPS_GRP_3,CAHPS for MIPS SSM: Patient's Rating of Provider,83
7012808827,OVERLAKE MEDICAL CLINICS LLC,CAHPS_GRP_4,CAHPS for MIPS SSM: Access to Specialists,44
7012808827,OVERLAKE MEDICAL CLINICS LLC,CAHPS_GRP_5,CAHPS for MIPS SSM: Health Promotion and Education,63
7012808827,OVERLAKE MEDICAL CLINICS LLC,CAHPS_GRP_8,CAHPS for MIPS SSM: Courteous and Helpful Office Staff,84
7012808827,OVERLAKE MEDICAL CLINICS LLC,CAHPS_GRP_9,CAHPS for MIPS SSM: Care Coordination,73
7113839606,CONWAY HOSPITAL INC,CAHPS_GRP_1,"CAHPS for MIPS SSM: Getting Timely Care, Appointments, and Information",
7113839606,CONWAY HOSPITAL INC,CAHPS_GRP_3,CAHPS for MIPS SSM: Patient's Rating of Provider,
7113839606,CONWAY HOSPITAL INC,CAHPS_GRP_4,CAHPS for MIPS SSM: Access to Specialists,37
7113839606,CONWAY HOSPITAL INC,CAHPS_GRP_5,CAHPS for MIPS SSM: Health Promotion and Education,53
7113839606,CONWAY HOSPITAL INC,CAHPS_GRP_8,CAHPS for MIPS SSM: Courteous and Helpful Office Staff,74
7113839606,CONWAY HOSPITAL INC,CAHPS_GRP_9,CAHPS for MIPS SSM: Care Coordination,
7214841436,GENESIS HEALTH SYSTEM,CAHPS_GRP_1,"CAHPS for MIPS SSM: Getting Timely Care, Appointments, and Information",67
7214841436,GENESIS HEALTH SYSTEM,CAHPS_GRP_3,CAHPS for MIPS SSM: Patient's Rating of Provider,77
7214841436,GENESIS HEALTH SYSTEM,CAHPS_GRP_4,CAHPS for MIPS SSM: Access to Specialists,45
7214841436,GENESIS HEALTH SYSTEM,CAHPS_GRP_5,CAHPS for MIPS SSM: Health Promotion and Education,60
7214841436,GENESIS HEALTH SYSTEM,CAHPS_GRP_8,CAHPS for MIPS SSM: Courteous and Helpful Office Staff,80
7214841436,GENESIS HEALTH SYSTEM,CAHPS_GRP_9,CAHPS for MIPS SSM: Care Coordination,71
7214982388,TONY SHALLIN MD PA,CAHPS_GRP_1,"CAHPS for MIPS SSM: Getting Timely Care, Appointments, and Information",63
7214982388,TONY SHALLIN MD PA,CAHPS_GRP_3,CAHPS for MIPS SSM: Patient's Rating of Provider,
7214982388,TONY SHALLIN MD PA,CAHPS_GRP_4,CAHPS for MIPS SSM: Access to Specialists,
7214982388,TONY SHALLIN MD PA,CAHPS_GRP_5,CAHPS for MIPS SSM: Health Promotion and Education,
7214982388,TONY SHALLIN MD PA,CAHPS_GRP_8,CAHPS for MIPS SSM: Courteous and Helpful Office Staff,
7214982388,TONY SHALLIN MD PA,CAHPS_GRP_9,CAHPS for MIPS SSM: Care Coordination,
7618270729,RMH MEDICAL GROUP LLC,CAHPS_GRP_1,"CAHPS for MIPS SSM: Getting Timely Care, Appointments, and Information",52
7618270729,RMH MEDICAL GROUP LLC,CAHPS_GRP_3,CAHPS for MIPS SSM: Patient's Rating of Provider,
7618270729,RMH MEDICAL GROUP LLC,CAHPS_GRP_4,CAHPS for MIPS SSM: Access to Specialists,41
7618270729,RMH MEDICAL GROUP LLC,CAHPS_GRP_5,CAHPS for MIPS SSM: Health Promotion and Education,68
7618270729,RMH MEDICAL GROUP LLC,CAHPS_GRP_8,CAHPS for MIPS SSM: Courteous and Helpful Office Staff,79
7618270729,RMH MEDICAL GROUP LLC,CAHPS_GRP_9,CAHPS for MIPS SSM: Care Coordination,67
7618911660,VPA OF TEXAS PLLC,CAHPS_GRP_1,"CAHPS for MIPS SSM: Getting Timely Care, Appointments, and Information",
7618911660,VPA OF TEXAS PLLC,CAHPS_GRP_3,CAHPS for MIPS SSM: Patient's Rating of Provider,
7618911660,VPA OF TEXAS PLLC,CAHPS_GRP_4,CAHPS for MIPS SSM: Access to Specialists,
7618911660,VPA OF TEXAS PLLC,CAHPS_GRP_5,CAHPS for MIPS SSM: Health Promotion and Education,
7618911660,VPA OF TEXAS PLLC,CAHPS_GRP_8,CAHPS for MIPS SSM: Courteous and Helpful Office Staff,
7618911660,VPA OF TEXAS PLLC,CAHPS_GRP_9,CAHPS for MIPS SSM: Care Coordination,
7911801410,PHYSICIANS REFERRAL SERVICE,CAHPS_GRP_1,"CAHPS for MIPS SSM: Getting Timely Care, Appointments, and Information",
7911801410,PHYSICIANS REFERRAL SERVICE,CAHPS_GRP_3,CAHPS for MIPS SSM: Patient's Rating of Provider,
7911801410,PHYSICIANS REFERRAL SERVICE,CAHPS_GRP_4,CAHPS for MIPS SSM: Access to Specialists,
7911801410,PHYSICIANS REFERRAL SERVICE,CAHPS_GRP_5,CAHPS for MIPS SSM: Health Promotion and Education,75
7911801410,PHYSICIANS REFERRAL SERVICE,CAHPS_GRP_8,CAHPS for MIPS SSM: Courteous and Helpful Office Staff,87
7911801410,PHYSICIANS REFERRAL SERVICE,CAHPS_GRP_9,CAHPS for MIPS SSM: Care Coordination,78
7911816020,TRINITY HEALTH,CAHPS_GRP_1,"CAHPS for MIPS SSM: Getting Timely Care, Appointments, and Information",70
7911816020,TRINITY HEALTH,CAHPS_GRP_3,CAHPS for MIPS SSM: Patient's Rating of Provider,
7911816020,TRINITY HEALTH,CAHPS_GRP_4,CAHPS for MIPS SSM: Access to Specialists,47
7911816020,TRINITY HEALTH,CAHPS_GRP_5,CAHPS for MIPS SSM: Health Promotion and Education,61
7911816020,TRINITY HEALTH,CAHPS_GRP_8,CAHPS for MIPS SSM: Courteous and Helpful Office Staff,80
7911816020,TRINITY HEALTH,CAHPS_GRP_9,CAHPS for MIPS SSM: Care Coordination,74
8022417328,NORTH SHORE HEALTH SYSTEM MEDICAL FACULTY GROUP PRACTICE INC,CAHPS_GRP_1,"CAHPS for MIPS SSM: Getting Timely Care, Appointments, and Information",83
8022417328,NORTH SHORE HEALTH SYSTEM MEDICAL FACULTY GROUP PRACTICE INC,CAHPS_GRP_3,CAHPS for MIPS SSM: Patient's Rating of Provider,
8022417328,NORTH SHORE HEALTH SYSTEM MEDICAL FACULTY GROUP PRACTICE INC,CAHPS_GRP_4,CAHPS for MIPS SSM: Access to Specialists,69
8022417328,NORTH SHORE HEALTH SYSTEM MEDICAL FACULTY GROUP PRACTICE INC,CAHPS_GRP_5,CAHPS for MIPS SSM: Health Promotion and Education,
8022417328,NORTH SHORE HEALTH SYSTEM MEDICAL FACULTY GROUP PRACTICE INC,CAHPS_GRP_8,CAHPS for MIPS SSM: Courteous and Helpful Office Staff,92
8022417328,NORTH SHORE HEALTH SYSTEM MEDICAL FACULTY GROUP PRACTICE INC,CAHPS_GRP_9,CAHPS for MIPS SSM: Care Coordination,
8022904473,COMMUNITY CARE PHYSICIANS PLLC,CAHPS_GRP_1,"CAHPS for MIPS SSM: Getting Timely Care, Appointments, and Information",62
8022904473,COMMUNITY CARE PHYSICIANS PLLC,CAHPS_GRP_3,CAHPS for MIPS SSM: Patient's Rating of Provider,
8022904473,COMMUNITY CARE PHYSICIANS PLLC,CAHPS_GRP_4,CAHPS for MIPS SSM: Access to Specialists,44
8022904473,COMMUNITY CARE PHYSICIANS PLLC,CAHPS_GRP_5,CAHPS for MIPS SSM: Health Promotion and Education,58
8022904473,COMMUNITY CARE PHYSICIANS PLLC,CAHPS_GRP_8,CAHPS for MIPS SSM: Courteous and Helpful Office Staff,80
8022904473,COMMUNITY CARE PHYSICIANS PLLC,CAHPS_GRP_9,CAHPS for MIPS SSM: Care Coordination,65
8426112350,PHOEBE PHYSICIAN GROUP INC,CAHPS_GRP_1,"CAHPS for MIPS SSM: Getting Timely Care, Appointments, and Information",
8426112350,PHOEBE PHYSICIAN GROUP INC,CAHPS_GRP_3,CAHPS for MIPS SSM: Patient's Rating of Provider,
8426112350,PHOEBE PHYSICIAN GROUP INC,CAHPS_GRP_4,CAHPS for MIPS SSM: Access to Specialists,
8426112350,PHOEBE PHYSICIAN GROUP INC,CAHPS_GRP_5,CAHPS for MIPS SSM: Health Promotion and Education,
8426112350,PHOEBE PHYSICIAN GROUP INC,CAHPS_GRP_8,CAHPS for MIPS SSM: Courteous and Helpful Office Staff,
8426112350,PHOEBE PHYSICIAN GROUP INC,CAHPS_GRP_9,CAHPS for MIPS SSM: Care Coordination,
8426113663,CHESAPEAKE REGIONAL MEDICAL GROUP,CAHPS_GRP_1,"CAHPS for MIPS SSM: Getting Timely Care, Appointments, and Information",64
8426113663,CHESAPEAKE REGIONAL MEDICAL GROUP,CAHPS_GRP_3,CAHPS for MIPS SSM: Patient's Rating of Provider,87
8426113663,CHESAPEAKE REGIONAL MEDICAL GROUP,CAHPS_GRP_4,CAHPS for MIPS SSM: Access to Specialists,41
8426113663,CHESAPEAKE REGIONAL MEDICAL GROUP,CAHPS_GRP_5,CAHPS for MIPS SSM: Health Promotion and Education,64
8426113663,CHESAPEAKE REGIONAL MEDICAL GROUP,CAHPS_GRP_8,CAHPS for MIPS SSM: Courteous and Helpful Office Staff,83
8426113663,CHESAPEAKE REGIONAL MEDICAL GROUP,CAHPS_GRP_9,CAHPS for MIPS SSM: Care Coordination,74
8426231119,VIRGINIA HOSPITAL CENTER PHYSICIAN GROUP LLC,CAHPS_GRP_1,"CAHPS for MIPS SSM: Getting Timely Care, Appointments, and Information",50
8426231119,VIRGINIA HOSPITAL CENTER PHYSICIAN GROUP LLC,CAHPS_GRP_3,CAHPS for MIPS SSM: Patient's Rating of Provider,
8426231119,VIRGINIA HOSPITAL CENTER PHYSICIAN GROUP LLC,CAHPS_GRP_4,CAHPS for MIPS SSM: Access to Specialists,36
8426231119,VIRGINIA HOSPITAL CENTER PHYSICIAN GROUP LLC,CAHPS_GRP_5,CAHPS for MIPS SSM: Health Promotion and Education,61
8426231119,VIRGINIA HOSPITAL CENTER PHYSICIAN GROUP LLC,CAHPS_GRP_8,CAHPS for MIPS SSM: Courteous and Helpful Office Staff,72
8426231119,VIRGINIA HOSPITAL CENTER PHYSICIAN GROUP LLC,CAHPS_GRP_9,CAHPS for MIPS SSM: Care Coordination,66
8628087681,UNIVERSITY PHYSICIAN GROUP,CAHPS_GRP_1,"CAHPS for MIPS SSM: Getting Timely Care, Appointments, and Information",
8628087681,UNIVERSITY PHYSICIAN GROUP,CAHPS_GRP_3,CAHPS for MIPS SSM: Patient's Rating of Provider,
8628087681,UNIVERSITY PHYSICIAN GROUP,CAHPS_GRP_4,CAHPS for MIPS SSM: Access to Specialists,
8628087681,UNIVERSITY PHYSICIAN GROUP,CAHPS_GRP_5,CAHPS for MIPS SSM: Health Promotion and Education,
8628087681,UNIVERSITY PHYSICIAN GROUP,CAHPS_GRP_8,CAHPS for MIPS SSM: Courteous and Helpful Office Staff,
8628087681,UNIVERSITY PHYSICIAN GROUP,CAHPS_GRP_9,CAHPS for MIPS SSM: Care Coordination,
8628092897,LESTER E COX MEDICAL CENTERS,CAHPS_GRP_1,"CAHPS for MIPS SSM: Getting Timely Care, Appointments, and Information",65
8628092897,LESTER E COX MEDICAL CENTERS,CAHPS_GRP_3,CAHPS for MIPS SSM: Patient's Rating of Provider,83
8628092897,LESTER E COX MEDICAL CENTERS,CAHPS_GRP_4,CAHPS for MIPS SSM: Access to Specialists,43
8628092897,LESTER E COX MEDICAL CENTERS,CAHPS_GRP_5,CAHPS for MIPS SSM: Health Promotion and Education,69
8628092897,LESTER E COX MEDICAL CENTERS,CAHPS_GRP_8,CAHPS for MIPS SSM: Courteous and Helpful Office Staff,84
8628092897,LESTER E COX MEDICAL CENTERS,CAHPS_GRP_9,CAHPS for MIPS SSM: Care Coordination,79
8729351077,PENN STATE HEALTH COMMUNITY MEDICAL GROUP LLC,CAHPS_GRP_1,"CAHPS for MIPS SSM: Getting Timely Care, Appointments, and Information",53
8729351077,PENN STATE HEALTH COMMUNITY MEDICAL GROUP LLC,CAHPS_GRP_3,CAHPS for MIPS SSM: Patient's Rating of Provider,81
8729351077,PENN STATE HEALTH COMMUNITY MEDICAL GROUP LLC,CAHPS_GRP_4,CAHPS for MIPS SSM: Access to Specialists,36
8729351077,PENN STATE HEALTH COMMUNITY MEDICAL GROUP LLC,CAHPS_GRP_5,CAHPS for MIPS SSM: Health Promotion and Education,61
8729351077,PENN STATE HEALTH COMMUNITY MEDICAL GROUP LLC,CAHPS_GRP_8,CAHPS for MIPS SSM: Courteous and Helpful Office Staff,78
8729351077,PENN STATE HEALTH COMMUNITY MEDICAL GROUP LLC,CAHPS_GRP_9,CAHPS for MIPS SSM: Care Coordination,65
9133109903,M E D F PHYSICIANS CORPORATION,CAHPS_GRP_1,"CAHPS for MIPS SSM: Getting Timely Care, Appointments, and Information",71
9133109903,M E D F PHYSICIANS CORPORATION,CAHPS_GRP_3,CAHPS for MIPS SSM: Patient's Rating of Provider,83
9133109903,M E D F PHYSICIANS CORPORATION,CAHPS_GRP_4,CAHPS for MIPS SSM: Access to Specialists,54
9133109903,M E D F PHYSICIANS CORPORATION,CAHPS_GRP_5,CAHPS for MIPS SSM: Health Promotion and Education,57
9133109903,M E D F PHYSICIANS CORPORATION,CAHPS_GRP_8,CAHPS for MIPS SSM: Courteous and Helpful Office Staff,78
9133109903,M E D F PHYSICIANS CORPORATION,CAHPS_GRP_9,CAHPS for MIPS SSM: Care Coordination,72
9133378870,NORTH OAKS PHYSICIAN GROUP LLC,CAHPS_GRP_1,"CAHPS for MIPS SSM: Getting Timely Care, Appointments, and Information",70
9133378870,NORTH OAKS PHYSICIAN GROUP LLC,CAHPS_GRP_3,CAHPS for MIPS SSM: Patient's Rating of Provider,86
9133378870,NORTH OAKS PHYSICIAN GROUP LLC,CAHPS_GRP_4,CAHPS for MIPS SSM: Access to Specialists,61
9133378870,NORTH OAKS PHYSICIAN GROUP LLC,CAHPS_GRP_5,CAHPS for MIPS SSM: Health Promotion and Education,67
9133378870,NORTH OAKS PHYSICIAN GROUP LLC,CAHPS_GRP_8,CAHPS for MIPS SSM: Courteous and Helpful Office Staff,85
9133378870,NORTH OAKS PHYSICIAN GROUP LLC,CAHPS_GRP_9,CAHPS for MIPS SSM: Care Coordination,78
9234041948,VPA PC,CAHPS_GRP_1,"CAHPS for MIPS SSM: Getting Timely Care, Appointments, and Information",
9234041948,VPA PC,CAHPS_GRP_3,CAHPS for MIPS SSM: Patient's Rating of Provider,
9234041948,VPA PC,CAHPS_GRP_4,CAHPS for MIPS SSM: Access to Specialists,
9234041948,VPA PC,CAHPS_GRP_5,CAHPS for MIPS SSM: Health Promotion and Education,
9234041948,VPA PC,CAHPS_GRP_8,CAHPS for MIPS SSM: Courteous and Helpful Office Staff,
9234041948,VPA PC,CAHPS_GRP_9,CAHPS for MIPS SSM: Care Coordination,
9335391978,"PATIENT FIRST MARYLAND PHYSICIANS GROUP, P.C..",CAHPS_GRP_1,"CAHPS for MIPS SSM: Getting Timely Care, Appointments, and Information",
9335391978,"PATIENT FIRST MARYLAND PHYSICIANS GROUP, P.C..",CAHPS_GRP_3,CAHPS for MIPS SSM: Patient's Rating of Provider,
9335391978,"PATIENT FIRST MARYLAND PHYSICIANS GROUP, P.C..",CAHPS_GRP_4,CAHPS for MIPS SSM: Access to Specialists,
9335391978,"PATIENT FIRST MARYLAND PHYSICIANS GROUP, P.C..",CAHPS_GRP_5,CAHPS for MIPS SSM: Health Promotion and Education,
9335391978,"PATIENT FIRST MARYLAND PHYSICIANS GROUP, P.C..",CAHPS_GRP_8,CAHPS for MIPS SSM: Courteous and Helpful Office Staff,
9335391978,"PATIENT FIRST MARYLAND PHYSICIANS GROUP, P.C..",CAHPS_GRP_9,CAHPS for MIPS SSM: Care Coordination,
9436061645,"SOMC MEDICAL CARE FOUNDATION, INC.",CAHPS_GRP_1,"CAHPS for MIPS SSM: Getting Timely Care, Appointments, and Information",79
9436061645,"SOMC MEDICAL CARE FOUNDATION, INC.",CAHPS_GRP_3,CAHPS for MIPS SSM: Patient's Rating of Provider,88
9436061645,"SOMC MEDICAL CARE FOUNDATION, INC.",CAHPS_GRP_4,CAHPS for MIPS SSM: Access to Specialists,46
9436061645,"SOMC MEDICAL CARE FOUNDATION, INC.",CAHPS_GRP_5,CAHPS for MIPS SSM: Health Promotion and Education,71
9436061645,"SOMC MEDICAL CARE FOUNDATION, INC.",CAHPS_GRP_8,CAHPS for MIPS SSM: Courteous and Helpful Office Staff,91
9436061645,"SOMC MEDICAL CARE FOUNDATION, INC.",CAHPS_GRP_9,CAHPS for MIPS SSM: Care Coordination,75
9436148111,SUTTER COAST HOSPITAL,CAHPS_GRP_1,"CAHPS for MIPS SSM: Getting Timely Care, Appointments, and Information",56
9436148111,SUTTER COAST HOSPITAL,CAHPS_GRP_3,CAHPS for MIPS SSM: Patient's Rating of Provider,
9436148111,SUTTER COAST HOSPITAL,CAHPS_GRP_4,CAHPS for MIPS SSM: Access to Specialists,
9436148111,SUTTER COAST HOSPITAL,CAHPS_GRP_5,CAHPS for MIPS SSM: Health Promotion and Education,
9436148111,SUTTER COAST HOSPITAL,CAHPS_GRP_8,CAHPS for MIPS SSM: Courteous and Helpful Office Staff,89
9436148111,SUTTER COAST HOSPITAL,CAHPS_GRP_9,CAHPS for MIPS SSM: Care Coordination,
9830008770,WASHINGTON UNIVERSITY,CAHPS_GRP_1,"CAHPS for MIPS SSM: Getting Timely Care, Appointments, and Information",67
9830008770,WASHINGTON UNIVERSITY,CAHPS_GRP_3,CAHPS for MIPS SSM: Patient's Rating of Provider,
9830008770,WASHINGTON UNIVERSITY,CAHPS_GRP_4,CAHPS for MIPS SSM: Access to Specialists,55
9830008770,WASHINGTON UNIVERSITY,CAHPS_GRP_5,CAHPS for MIPS SSM: Health Promotion and Education,67
9830008770,WASHINGTON UNIVERSITY,CAHPS_GRP_8,CAHPS for MIPS SSM: Courteous and Helpful Office Staff,84
9830008770,WASHINGTON UNIVERSITY,CAHPS_GRP_9,CAHPS for MIPS SSM: Care Coordination,75
9830094515,SUTTER VALLEY MEDICAL FOUNDATION,CAHPS_GRP_1,"CAHPS for MIPS SSM: Getting Timely Care, Appointments, and Information",
9830094515,SUTTER VALLEY MEDICAL FOUNDATION,CAHPS_GRP_3,CAHPS for MIPS SSM: Patient's Rating of Provider,
9830094515,SUTTER VALLEY MEDICAL FOUNDATION,CAHPS_GRP_4,CAHPS for MIPS SSM: Access to Specialists,
9830094515,SUTTER VALLEY MEDICAL FOUNDATION,CAHPS_GRP_5,CAHPS for MIPS SSM: Health Promotion and Education,
9830094515,SUTTER VALLEY MEDICAL FOUNDATION,CAHPS_GRP_8,CAHPS for MIPS SSM: Courteous and Helpful Office Staff,84
9830094515,SUTTER VALLEY MEDICAL FOUNDATION,CAHPS_GRP_9,CAHPS for MIPS SSM: Care Coordination,
9931011434,PATIENT FIRST RICHMOND MEDICAL GROUP PLLC,CAHPS_GRP_1,"CAHPS for MIPS SSM: Getting Timely Care, Appointments, and Information",72
9931011434,PATIENT FIRST RICHMOND MEDICAL GROUP PLLC,CAHPS_GRP_3,CAHPS for MIPS SSM: Patient's Rating of Provider,
9931011434,PATIENT FIRST RICHMOND MEDICAL GROUP PLLC,CAHPS_GRP_4,CAHPS for MIPS SSM: Access to Specialists,
9931011434,PATIENT FIRST RICHMOND MEDICAL GROUP PLLC,CAHPS_GRP_5,CAHPS for MIPS SSM: Health Promotion and Education,
9931011434,PATIENT FIRST RICHMOND MEDICAL GROUP PLLC,CAHPS_GRP_8,CAHPS for MIPS SSM: Courteous and Helpful Office Staff,
9931011434,PATIENT FIRST RICHMOND MEDICAL GROUP PLLC,CAHPS_GRP_9,CAHPS for MIPS SSM: Care Coordination,
0446157747,USC CARE MEDICAL GROUP INC,CAHPS_GRP_1,"CAHPS for MIPS SSM: Getting Timely Care, Appointments, and Information",58
0446157747,USC CARE MEDICAL GROUP INC,CAHPS_GRP_3,CAHPS for MIPS SSM: Patient's Rating of Provider,
0446157747,USC CARE MEDICAL GROUP INC,CAHPS_GRP_4,CAHPS for MIPS SSM: Access to Specialists,57
0446157747,USC CARE MEDICAL GROUP INC,CAHPS_GRP_5,CAHPS for MIPS SSM: Health Promotion and Education,57
0446157747,USC CARE MEDICAL GROUP INC,CAHPS_GRP_8,CAHPS for MIPS SSM: Courteous and Helpful Office Staff,84
0446157747,USC CARE MEDICAL GROUP INC,CAHPS_GRP_9,CAHPS for MIPS SSM: Care Coordination,75
0446162697,THE ASSOCIATION OF UNIVERSITY PHYSICIANS,CAHPS_GRP_1,"CAHPS for MIPS SSM: Getting Timely Care, Appointments, and Information",52
0446162697,THE ASSOCIATION OF UNIVERSITY PHYSICIANS,CAHPS_GRP_3,CAHPS for MIPS SSM: Patient's Rating of Provider,84
0446162697,THE ASSOCIATION OF UNIVERSITY PHYSICIANS,CAHPS_GRP_4,CAHPS for MIPS SSM: Access to Specialists,39
0446162697,THE ASSOCIATION OF UNIVERSITY PHYSICIANS,CAHPS_GRP_5,CAHPS for MIPS SSM: Health Promotion and Education,64
0446162697,THE ASSOCIATION OF UNIVERSITY PHYSICIANS,CAHPS_GRP_8,CAHPS for MIPS SSM: Courteous and Helpful Office Staff,85
0446162697,THE ASSOCIATION OF UNIVERSITY PHYSICIANS,CAHPS_GRP_9,CAHPS for MIPS SSM: Care Coordination,76
0648465039,CITY MEDICAL OF UPPER EAST SIDE PLLC,CAHPS_GRP_1,"CAHPS for MIPS SSM: Getting Timely Care, Appointments, and Information",
0648465039,CITY MEDICAL OF UPPER EAST SIDE PLLC,CAHPS_GRP_3,CAHPS for MIPS SSM: Patient's Rating of Provider,
0648465039,CITY MEDICAL OF UPPER EAST SIDE PLLC,CAHPS_GRP_4,CAHPS for MIPS SSM: Access to Specialists,
0648465039,CITY MEDICAL OF UPPER EAST SIDE PLLC,CAHPS_GRP_5,CAHPS for MIPS SSM: Health Promotion and Education,
0648465039,CITY MEDICAL OF UPPER EAST SIDE PLLC,CAHPS_GRP_8,CAHPS for MIPS SSM: Courteous and Helpful Office Staff,
0648465039,CITY MEDICAL OF UPPER EAST SIDE PLLC,CAHPS_GRP_9,CAHPS for MIPS SSM: Care Coordination,
0749333730,CAPE PHYSICIANS ASSOCIATES PA,CAHPS_GRP_1,"CAHPS for MIPS SSM: Getting Timely Care, Appointments, and Information",67
0749333730,CAPE PHYSICIANS ASSOCIATES PA,CAHPS_GRP_3,CAHPS for MIPS SSM: Patient's Rating of Provider,87
0749333730,CAPE PHYSICIANS ASSOCIATES PA,CAHPS_GRP_4,CAHPS for MIPS SSM: Access to Specialists,49
0749333730,CAPE PHYSICIANS ASSOCIATES PA,CAHPS_GRP_5,CAHPS for MIPS SSM: Health Promotion and Education,68
0749333730,CAPE PHYSICIANS ASSOCIATES PA,CAHPS_GRP_8,CAHPS for MIPS SSM: Courteous and Helpful Office Staff,86
0749333730,CAPE PHYSICIANS ASSOCIATES PA,CAHPS_GRP_9,CAHPS for MIPS SSM: Care Coordination,71
0840104360,ALLIANCE PHYSICIANS INC,CAHPS_GRP_1,"CAHPS for MIPS SSM: Getting Timely Care, Appointments, and Information",59
0840104360,ALLIANCE PHYSICIANS INC,CAHPS_GRP_3,CAHPS for MIPS SSM: Patient's Rating of Provider,82
0840104360,ALLIANCE PHYSICIANS INC,CAHPS_GRP_4,CAHPS for MIPS SSM: Access to Specialists,47
0840104360,ALLIANCE PHYSICIANS INC,CAHPS_GRP_5,CAHPS for MIPS SSM: Health Promotion and Education,68
0840104360,ALLIANCE PHYSICIANS INC,CAHPS_GRP_8,CAHPS for MIPS SSM: Courteous and Helpful Office Staff,83
0840104360,ALLIANCE PHYSICIANS INC,CAHPS_GRP_9,CAHPS for MIPS SSM: Care Coordination,72
